﻿Page ID,Page name,Disclaimer,Amount spent (USD)
898773237483606,Alaskans For Posterity,Alaskans for Posterity Inc,719
819607471729183,Dr. Al Gross,Al Gross for Congress,579
1155212867963791,AFP Action,"AMERICANS FOR PROSPERITY ACTION, INC.(AFP ACTION)",510
114559111229616,Alaskans for TARA,Alaskans for T.A.R.A,341
24718773587,Sarah Palin,VIP Ad Solutions LLC,257
181769025220502,State of Alaska Division of Elections,The State of Alaska Division of Elections,250
309308412520731,Sandy Hook Promise,Sandy Hook Promise,206
1570118656645702,Nick Begich,ALASKANS FOR NICK BEGICH,202
570092813023833,Matt Walsh,The Daily Wire,175
137560579613235,Sealaska,SEALASKA CORPORATION,167
1435071773455316,Daily Wire,The Daily Wire,109
12375354406,USO,United Service Organizations,≤100
31966561030,National Taxpayers Union,National Taxpayers Union,≤100
111660964481460,Clean Oceans Alaska,Clean Oceans Alaska,≤100
108787278335657,Daniel Volland for Assembly,Volland for Assembly,≤100
203805062990264,Ben Shapiro,The Daily Wire,≤100
166487965298,Walker Drygas,Walker Drygas for Alaska,≤100
271810276820,Les Gara For Governor,Alaskans for Les Gara,≤100
123192635089,GOP,REPUBLICAN NATIONAL COMMITTEE,≤100
51405613519,Focus on the Family,Focus on the Family,≤100
145298332900038,Christopher Constant for Congress - Alaska,CONSTANT FOR CONGRESS,≤100
101330332048228,Kelly for Alaska,KELLY FOR ALASKA,≤100
2005593623024412,adidas,"ADIDAS AMERICA, INC.",≤100
1593518174052711,Candace Owens,Daily Wire,≤100
100776719189544,Tell Congress: Don't Let China Pull Ahead,Taxpayers Protection Alliance,≤100
1494136594208402,Bill Walker,Walker Drygas for Alaska,≤100
342294162453301,Planned Parenthood,Planned Parenthood Federation of America,≤100
87186661244,Johns Hopkins Bloomberg School of Public Health,Johns Hopkins Bloomberg School of Public Health,≤100
184982158308978,Council on Domestic Violence & Sexual Assault - Alaska,Council on Domestic Violence and Sexual Assault,≤100
6236054211,Brady: United Against Gun Violence,Brady Campaign to Prevent Gun Violence,≤100
18982436812,ACLU,American Civil Liberties Union,≤100
802271849850801,Freedom for All Americans,Freedom for All Americans,≤100
27544763621,Prison Fellowship,Prison Fellowship,≤100
127225910653607,PragerU,PragerU,≤100
85452072376,Newsmax,"NEWSMAX MEDIA, INC.",≤100
698400060189827,Dan Sullivan,Alaskans for Sullivan,≤100
223055747744143,Beto O'Rourke,Beto for Texas,≤100
107691435195133,Tuckerman Babcock State Senate,Tuckerman Babcock State Senate,≤100
244154086019678,Charlie Pierce for Governor,Charlie Pierce for Governor,≤100
274122984393246,Americans For Hope And Progress,Americans For Hope And Progress,≤100
96935476345,Democratic Governors Association (DGA),"Democratic Action, democraticgovernors.org, not authorized by any candidate or candidate's committee.",≤100
92925746942,Judicial Watch,Judicial Watch,≤100
108380923919757,Health Insurance Hero,Health Insurance Hero,≤100
197908256931216,Tim Ryan,TIM RYAN FOR OHIO,≤100
228754857151053,House Majority PAC,House Majority PAC,≤100
201248453800242,My Pay My Say,Mackinac Center for Public Policy,≤100
40217893542,AIPAC,AIPAC,≤100
102391291904684,Marcus Flowers For Congress,Marcus Flowers for Congress,≤100
121268821249550,World Central Kitchen,World Central Kitchen,≤100
114008535880,Foundation for Individual Rights in Education,FOUNDATION FOR INDIVIDUAL RIGHTS IN EDUCATION,≤100
18813753280,Human Rights Campaign,"HUMAN RIGHTS CAMPAIGN, INC",≤100
134498556891640,Val Demings,Val Demings for U.S. Senate,≤100
113553048669158,Rick Scott,RICK SCOTT FOR FLORIDA,≤100
110022477032429,Admiral Mike Franken,"MICHAEL FRANKEN FOR IOWA, INC",≤100
702582586516561,CBN Israel,"The Christian Broadcasting Network, Inc.",≤100
256043277748645,NetChoice,NETCHOICE,≤100
1461100540775171,The Tuttle Twins,LIBERTAS INSTITUTE,≤100
309798029121030,Everytown for Gun Safety,Everytown for Gun Safety Action Fund Inc,≤100
187741797907314,The American Society of Anesthesiologists (ASA),"AMERICAN SOCIETY OF ANESTHESIOLOGISTS, INC., THE",≤100
100104419147228,Do Good Chicken,DO GOOD FOODS LLC,≤100
100146652437834,Life is For Thriving,Life is For Thriving,≤100
15771560300,Earthjustice,EARTHJUSTICE,≤100
114710126648118,Republican Dogs,Republican Dogs,≤100
7292655492,MoveOn,MOVEON.ORG POLITICAL ACTION,≤100
261951940219,Goldman Environmental Prize,Goldman Environmental Foundation,≤100
114720264544782,Moving Forward,Seniors Today USA,≤100
57259033959,AARP,AARP,≤100
100992801635617,Conservative-American.org,Conservative American Strategies,≤100
7030901126,Campaign for Tobacco-Free Kids,TOBACCO-FREE KIDS ACTION FUND,≤100
333710103706307,Giffords,GIFFORDS PAC,≤100
18709174006,National Audubon Society,"NATIONAL AUDUBON SOCIETY, INC.",≤100
873203482775828,Poor People's Campaign: A National Call for Moral Revival,Poor People's Campaign,≤100
388076585284592,SalmonState,SalmonState,≤100
110947388286801,Charities for Vets,RAM Veterans Foundation,≤100
868595699905498,Lisa Murkowski,Lisa Murkowski for US Senate,≤100
7192716362,Amnesty International USA,"AMNESTY INTERNATIONAL OF THE U. S. A., INC.",≤100
351193978049,Alaskans Together For Equality,Alaskans Together For Equality,≤100
308506536540046,Alaskans for Better Elections,Alaskans for Better Elections,≤100
42872222699,Dana Loesch,The Association of Mature American Citizens Inc,≤100
8934429638,Planned Parenthood Action,Planned Parenthood Action Fund,≤100
85337666730,Republican Governors Association (RGA),REPUBLICAN GOVERNORS ASSOCIATION,≤100
24330467048,Americans for Prosperity,AMERICANS FOR PROSPERITY,≤100
20787991568,Senate Democrats,DSCC,≤100
679171239164792,Supermajority,Supermajority,≤100
163148530407080,Captain Mark Kelly,MARK KELLY FOR SENATE,≤100
428821014132730,Katie Porter,Katie Porter For Congress,≤100
2353537341582545,Proud Patriots,Proud Patriots,≤100
109111900634787,Reverend Raphael Warnock,WARNOCK FOR GEORGIA,≤100
113891694102,Energy Citizens,AMERICAN PETROLEUM INSTITUTE,≤100
47710973068,Voices for Cooperative Power,Voices for Cooperative Power,≤100
248181906078243,National Institute for Civil Discourse,CommonSense American,≤100
83290028957,Care Net,CARE NET,≤100
305380096638473,Charles Booker,Booker for Kentucky,≤100
124319784261152,Alaska Native Tribal Health Consortium,Alaska Native Tribal Health Consortium,≤100
385473284886474,Hillsdale College,Hillsdale College,≤100
116898501727,Southeast Alaska Conservation Council,SOUTHEAST ALASKA CONSERVATION COUNCIL,≤100
2602473023098666,Democratic Polling Center,Democratic Governors Association,≤100
101922748750414,BRAVE Books,Brave Books LLC,≤100
158791100909689,Concerned Veterans for America,Concerned Veterans for America,≤100
866779926670025,Citizens for Tobacco Rights,Citizens for Tobacco Rights,≤100
166618413413767,Jay Sekulow,American Center for Law and Justice,≤100
206677396413254,Abortion On Our Own Terms,Abortion On Our Own Terms,≤100
24470472733,The Trevor Project,The Trevor Project,≤100
57495285387,Michael Bennet,Bennet for Colorado,≤100
103565195134756,America First Policy Institute,America First Policy Institute,≤100
104760636770,Vera Institute of Justice,"VERA INSTITUTE OF JUSTICE, INC.",≤100
83996318078,Change.org,"Change.org, PBC",≤100
25852730092,Care2,"Care2.com, Inc",≤100
19554217292,American Heart Association: You're the Cure,American Heart Association,≤100
1883837055193241,Shield Republic,Shield Republic,≤100
7860876103,Joe Biden,DNC SERVICES CORP./DEM. NAT'L COMMITTEE,≤100
15239367801,The Wilderness Society,"WILDERNESS SOCIETY, THE",≤100
253312980194,Community Catalyst,COMMUNITY CATALYST INC,≤100
49651563727,Live Action,Live Action,≤100
11791104453,NRDC,Natural Resources Defense Council,≤100
101988869133213,Giessel for Alaska,Giessel For Alaska,≤100
112425441094454,The Art of the Tweet,The Art of the Tweet LLC,≤100
72931140459,Center for Biological Diversity,"CENTER FOR BIOLOGICAL DIVERSITY, INC.",≤100
103945768988283,ObamacarePlans.com,Obamacareplans,≤100
6514736316,Walden University,Walden University,≤100
118303441570966,Homeowner Smart,NATIONAL ASSOCIATION OF REALTORS,≤100
711478725532801,Civiqs,Civiqs,≤100
22067606728,Allen West,The Association of Mature American Citizens Inc,≤100
13885075114,Action Against Hunger USA,ACTION AGAINST HUNGER - USA,≤100
318196171580489,Ron DeSantis,Friends of Ron DeSantis,≤100
100684991996307,November Coalition,NOVEMBER COALITION,≤100
51379424899,Mercy Ships,MERCY SHIPS INTERNATIONAL,≤100
1949064322040283,Principles,"Principles, LLC",≤100
38897314734,Trust for Public Land,"TRUST FOR PUBLIC LAND, THE",≤100
443329669123990,USAFacts,USAFacts Institute,≤100
681626158940626,Mission Roll Call,Americas Warrior Partnership,≤100
933921763326425,Catherine Cortez Masto,CATHERINE CORTEZ-MASTO FOR SENATE,≤100
300992409852,Hoover Institution,Hoover Institution,≤100
107005161695319,Herschel Walker,"TEAM HERSCHEL, INC.",≤100
1752689034960996,The Babylon Bee,THE BABYLON BEE LLC,≤100
817567028361575,The Halcyon Movement,The halcyon movement,≤100
106336901646645,Jennifer Sonne for AK State House,Jennifer Sonne for Alaska,≤100
30914589895,The International Fellowship of Christians and Jews,INTERNATIONAL FELLOWSHIP OF CHRISTIANS & JEWS INC,≤100
1615018905412860,Progressive Turnout Project,PROGRESSIVE TURNOUT PROJECT,≤100
101252415820183,Veterans Choice,Tech Review Products,≤100
297987334762,Jamie Raskin,Jamie Raskin for Congress,≤100
7341997111,Conservation International,Conservation International,≤100
103552914774916,Science Moms,Potential Energy Coalition Inc,≤100
214821605377109,Stacey Abrams,Stacey Abrams for Governor,≤100
100289605857598,United Solutions,United Solutions,≤100
134535726580904,Maggie Hassan,Maggie for NH,≤100
195530355493,Chicks On The Right,The Association of Mature American Citizens Inc,≤100
745304825534862,Steve Scalise,Team Scalise,≤100
43287633515,Action for the Climate Emergency,Action for the Climate Emergency,≤100
212824105404256,Cook Inletkeeper,COOK INLETKEEPER,≤100
505082913012317,Must Read Alaska,Must Read Alaska LLC,≤100
21375324480,The Heritage Foundation,HERITAGE FOUNDATION (THE),≤100
7292655492,MoveOn,MOVEON.ORG CIVIC ACTION,≤100
12301006942,Democratic Party,DNC SERVICES CORP./DEM. NAT'L COMMITTEE,≤100
104673965019490,Growing Almonds,ALMOND BOARD OF CALIFORNIA,≤100
546643589052271,Sarah Godlewski,Sarah for Wisconsin,≤100
1209457952426541,NILC Immigrant Justice Fund,NILC Immigrant Justice Fund,≤100
673117639774135,Gretchen Whitmer,Gretchen Whitmer for Governor,≤100
104295601633638,American Cornerstone Institute,American Cornerstone Institute Inc,≤100
1958912674200535,The Pour Over,Pour Over,≤100
605168822998856,314 Action,314 ACTION FUND,≤100
38235851310,USA for UNHCR,UNITED STATES ASSOCIATION FOR UNHCR,≤100
500371067032008,Jesse Kiehl for Alaska Senate,Kiehl for Senate,≤100
317284821682168,Messianic Jewish Alliance of America (MJAA),Messianic Jewish Alliance of America,≤100
6040534532,One Acre Fund,ONE ACRE FUND,≤100
6204742571,Sierra Club,SIERRA CLUB,≤100
93188136312,Physicians for Reproductive Health,"PHYSICIANS FOR REPRODUCTIVE HEALTH, INC.",≤100
29717379728,International Justice Mission,International Justice Mission,≤100
100392931351292,Northwest RiverPartners,Northwest RiverPartners,≤100
158505287559920,Save the Storks,Save the Storks,≤100
67626834312,National Women's Law Center,National Women's Law Center,≤100
219242560293,Meals on Wheels America,Meals on Wheels,≤100
156968474833352,Stop Republicans,Stop Republicans,≤100
49275915266,MSI Reproductive Choices,MSI-US,≤100
38235851310,USA for UNHCR,United States Association for UNHCR with Facebook ad credits,≤100
108118933908193,Next Level Goods,NextlevelGoods LLC,≤100
314499212242,Pfizer,Pfizer Inc.,≤100
23875187730,Feeding America,Feeding America,≤100
103766011157808,VelocityAK,The Alaska Support Industry Alliance,≤100
107168898379486,Speed & Scale,Speed & Scale,≤100
109092142462587,Adam Schiff,SCHIFF FOR CONGRESS,≤100
266003946905686,Salmon Beyond Borders,SalmonState,≤100
46093654473,National Republican Congressional Committee,NRCC,≤100
172758932738142,PhRMA,PHARMACEUTICAL RESEARCH AND MANUFACTURERS OF AMERICA,≤100
580610428636345,Fight for $15,Fight for $15,≤100
8811611493,Hester Street,Hester Street,≤100
210820618956311,Community Change Action,Community Change Action,≤100
110177119192569,Knightscope,"Knightscope, Inc.",≤100
7219151423,The Fund for American Studies (TFAS),FUND FOR AMERICAN STUDIES,≤100
5720973755,Defenders of Wildlife,DEFENDERS OF WILDLIFE,≤100
1316372698453411,Alexandria Ocasio-Cortez,Alexandria Ocasio-Cortez for Congress,≤100
8325302025,Friends of the Earth U.S.,Friends of the Earth,≤100
189044857936094,Americans For Prosperity - Alaska,AMERICANS FOR PROSPERITY,≤100
111139571590008,The Shift with Georgian and Winnie Banov,Global Celebration,≤100
112642477582238,Mericanaf,AAF Nation,≤100
34362997676,United States Holocaust Memorial Museum,UNITED STATES HOLOCAUST MEMORIAL MUSEUM,≤100
1361240077226182,Seth Weathers,Michael Seth Weathers,≤100
101481584557260,Help Asheville Bears-HAB,Heather Christina Williams,≤100
2254455051442790,Flag and Cross,Flag & Cross,≤100
228132537208218,Tammy Duckworth,TAMMY FOR ILLINOIS,≤100
102413723172970,Nick Adams,Nick Adams,≤100
1705053933095846,Tom Heck for Governor,Thomas Stuart Heck,≤100
300341323465160,The Daily Signal,HERITAGE FOUNDATION (THE),≤100
349068689306,Tim Scott,Tim Scott for Senate,≤100
121626482110,Operation Smile,OPERATION SMILE,≤100
58736997707,Marco Rubio,Marco Rubio for Senate,≤100
343714718985673,Think Wood,Think Wood,≤100
100724009217885,Family Veterans Guide,Future Tech Product,≤100
246770166935,Alaska Policy Forum,Alaska Policy Forum Inc.,≤100
109520054693011,Trump Updates,Save America Joint Fundraising Committee,≤100
115379705206001,U.S. Department of Homeland Security Blue Campaign,U.S Department of Homeland Security Blue Campaign,≤100
376638603087168,Save The Earth,8 Billion Trees LLC,≤100
135298176481584,Marine Corps Scholarship Foundation,Marine Corps Scholarship Foundation,≤100
23790541544,Democrats,DCCC,≤100
78451717770,adidas Golf,"ADIDAS AMERICA, INC.",≤100
9694956217,Animal Legal Defense Fund,ANIMAL LEGAL DEFENSE FUND,≤100
104834210883,The Story of Stuff Project,The Story of Stuff Project,≤100
76470053424,TIAA,TEACHERS INSURANCE AND ANNUITY ASSOCIATION OF AMERICA,≤100
291391109320335,Cooke for Congress,COOKE FOR CONGRESS,≤100
34370387440,JDRF,JDRF INTERNATIONAL,≤100
370345423898,Alaska Children's Trust,Alaska Children's Trust,≤100
290548664672,First Liberty,First Liberty Institute,≤100
112515694800376,America First Patriots,Tomer Barazani,≤100
227764782729,AMERICAN - STRONG!,American Strong LLC,≤100
106925294739244,Advancing American Freedom,Advancing American Freedom,≤100
110802018262856,Freedom Ringing,Hot Review Products,≤100
19192438096,AAAS - The American Association for the Advancement of Science,American Association for the Advancement of Science,≤100
7263476274,Mercy Corps,Mercy Corps,≤100
105173311888160,Star and Bar,Star and Bar,≤100
100373975829221,Fòs Feminista Org,Fòs Feminista,≤100
27478282874,UNITE HERE!,UNITE HERE,≤100
100535808394168,Patriots For Freedom,I Love My Freedom,≤100
60182072999,Lila Rose,Live Action,≤100
103890201865069,Joe Lombardo for Governor,Lombardo for Governor,≤100
765097033535684,Nova Ukraine,Nova Ukraine with Facebook ad credits,≤100
170108649668951,California Water Service,CALIFORNIA WATER SERVICE COMPANY,≤100
11111618026,Union of Concerned Scientists,"UNION OF CONCERNED SCIENTISTS, INC.",≤100
108534121652566,Internet For Growth,"Interactive Advertising Bureau, Inc.",≤100
199826043375900,Larry Hogan,An America United,≤100
717303634991131,Montanans for Liberty and Justice,Montanans For Liberty And Justice,≤100
127755494595870,Progressive Takeover,PROGRESSIVE TAKEOVER,≤100
7962229886,Environmental Working Group,ENVIRONMENTAL WORKING GROUP,≤100
159817223047,David Scott for Congress,David Scott for Congress,≤100
30139072158,CARE,"COOPERATIVE FOR ASSISTANCE AND RELIEF EVERYWHERE, INC. (CARE)",≤100
1562713090633117,Operation Underground Railroad,"Operation Underground Railroad, Inc.",≤100
828902563856302,Chuck Schumer D-NY,FRIENDS OF SCHUMER,≤100
35169196082,Project HOPE,"PROJECT HOPE-THE PEOPLE-TO-PEOPLE HEALTH FOUNDATION, INC.",≤100
109091475004269,Alex Walker,WALKER FOR COLORADO,≤100
80562389320,NARAL Pro-Choice America,NARAL PRO-CHOICE AMERICA CORP,≤100
110936081620982,Freedom Fight Night,Tomer Barazani,≤100
5633824547,FreedomWorks,"FREEDOMWORKS, INC.",≤100
326806805384499,Justice For Veterans,American Freedom Shop,≤100
108547455113940,Our America,Our America,≤100
398757490729,The National Network to End Domestic Violence,"NATIONAL NETWORK TO END DOMESTIC VIOLENCE, INC.",≤100
7268844551,Rotary International,ROTARY INTERNATIONAL,≤100
103496691094956,Freespoke,"FREEDOM FRIES, LLC",≤100
1832744013698336,Mahogany Mommies,Mahogany Mommies,≤100
294793907203877,Liz Mathis,Liz Mathis for Congress,≤100
1503295233268493,Lebowski Lovers,The Dude's Threads,≤100
927610307291393,Georgette Gómez,Georgette Gomez for Assembly 2022 Special Election,≤100
602714436529710,End Citizens United,END CITIZENS UNITED,≤100
284293125336159,Regulatory Transparency Project,FEDERALIST SOCIETY FOR LAW & PUBLIC POLICY STUDIES,≤100
105148578683703,Kyle Rittenhouse,AAF Nation,≤100
1627003250661184,Roam,ROAM Media Inc.,≤100
108655464941854,Kathleen Brown,KATHLEEN FOR CONGRESS,≤100
191975737491988,Jennifer Wexton,WEXTON FOR CONGRESS,≤100
308890942864256,State Rep. Bee Nguyen,Bee for Georgia,≤100
638673103424933,Retired Americans PAC,Retired Americans PAC,≤100
38471053686,Elizabeth Warren,"WARREN DEMOCRATS, INC.",≤100
278845882737338,Christopher F. Rufo,Christopher F. Rufo,≤100
723394465079640,The Lion,Stanley M. Herzog Charitable Foundation,≤100
142957224352,International Medical Corps,International Medical Corps with Facebook ad credits,≤100
124326681036084,Katie Hobbs,Elect Katie Hobbs,≤100
337038226473839,Trish Regan,"SALEM MEDIA GROUP, INC.",≤100
1526707030943680,Phoenix Dream Center,City Help Inc of Phoenix dba Phoenix Dream Center,≤100
745910525468062,National Center on Sexual Exploitation,National Center on Sexual Exploitation,≤100
19972147679,SEIU,SEIU COPE (SERVICE EMPLOYEES INTERNATIONAL UNION COMMITTEE ON POLITICAL EDUCATION),≤100
1632814840319802,John Fetterman,Fetterman for PA,≤100
126893748252841,American Firearms Association,American Firearms Coalition,≤100
945455208962159,For Everyone Collective,For Everyone Collective,≤100
107391351117812,National Women's Law Center Action Fund,National Women's Law Center Action Fund,≤100
103276641416832,The Juggernaut Project,JUGGERNAUT PROJECT LLC,≤100
169687486427698,Jentezen Franklin,FREE CHAPEL WORSHIP CENTER,≤100
45393753416,Alliance Defending Freedom,Alliance Defending Freedom,≤100
345378512258813,Elise Stefanik,ELISE FOR CONGRESS,≤100
12692786774,The ALS Association,These ads ran without a disclaimer,≤100
1428755447227803,Defend The Second,Next Level Goods,≤100
836826976517252,International Christian Embassy Jerusalem - USA,"International Christian Embassy Jerusalem - USA, Inc.",≤100
29883711738,Independent Women's Voice,Independent Women's Voice,≤100
100816762454995,Justin Patterson for Sheriff 2022,Patterson for Sheriff 2022,≤100
8002590959,Rainforest Action Network - RAN,RAINFOREST ACTION NETWORK,≤100
106568024842114,Rideshare Assault Support,Injury Match,≤100
16477459734,League of Conservation Voters,"LEAGUE OF CONSERVATION VOTERS, INC",≤100
106568024842114,Rideshare Assault Support,Select Justice LLC,≤100
114301413446447,The Climate Initiative,Kennebunkport Climate Initiative,≤100
107553188401159,Brandon Gill,The Boswell Project,≤100
109320440856128,Together Beat Hate,"Foundation to Combat Anti-Semitism, Inc.",≤100
112405574620852,Patricia For Vermont,Patricia Preston for Vermont,≤100
304600892905134,Hillsdale College Online Courses,HILLSDALE COLLEGE,≤100
359477377917,American Federation for Children,American Federation for Children,≤100
35715544220,Stand.earth,Stand.earth,≤100
38882699096,Polaris,POLARIS PROJECT,≤100
24481937944,Theodore Roosevelt Conservation Partnership,"THEODORE ROOSEVELT CONSERVATION PARTNERSHIP, INC",≤100
248262725706461,Power The Future,Power The Future Inc,≤100
101224002310757,Seven Weeks Coffee,Seven Weeks Coffee,≤100
187005858017014,Climate Power,Climate Power,≤100
169597416843751,Stand Up America,Stand Up America,≤100
96935476345,Democratic Governors Association (DGA),Democratic Governors Association,≤100
17203056985,Partners In Health,Partners In Health,≤100
201956993160690,MRCTV,MEDIA RESEARCH CENTER,≤100
187594818048424,Mandela Barnes,Mandela Barnes for Wisconsin,≤100
50982313030,Food & Water Watch,Food & Water Watch,≤100
1691667177798461,Brut,Brut,≤100
105454117977117,Voices for Consumer Choice,Voices for Consumer Choice,≤100
123433462382123,Cora Neumann,CORA FOR MONTANA,≤100
1604371783193820,Evan McMullin,MCMULLIN FOR UTAH INC.,≤100
1629844773973592,Gary Chambers Jr.,CHAMBERS FOR LOUISIANA,≤100
308851063225813,Green Leaf Pot Stocks,Link Media LLC,≤100
133012286771509,Alaska Family Action,Alaska Family Action,≤100
103546351703577,Dallas Express,The Dallas Express,≤100
282765295135322,The Pray in Jesus Name Project,"GJK, Inc. d/b/a The Pray In Jesus Name Project",≤100
129240690441636,The Legal Defense Fund,"N. A. A. C. P. LEGAL DEFENSE AND EDUCATIONAL FUND, INC.",≤100
59877921429,Lutheran Immigration and Refugee Service,"LUTHERAN IMMIGRATION AND REFUGEE SERVICE, INC.",≤100
81517275796,UNICEF USA,UNITED STATES FUND FOR UNICEF,≤100
102740458802755,Dr. Kermit Jones for Congress,KERMIT JONES FOR CONGRESS,≤100
110459014415315,Candace,The Daily Wire,≤100
375742685850856,Firearms Policy Coalition,"FIREARMS POLICY COALITION, INC.",≤100
19219803864,Tax Foundation,Tax Foundation,≤100
106949844346620,Trumpian Republicans,Gregory Lawrence Burright,≤100
8321461609,MomsRising.org,MomsRising Together,≤100
104247831627001,Harrison Rogers,HJR Global LLC,≤100
514649125971110,EDF Action Votes,EDF Action Votes INC,≤100
362926986863,Dusty Johnson for Congress,FRIENDS OF DUSTY JOHNSON,≤100
341828139690,Heritage Defense,Heritage Defense,≤100
19746387261,Humane Society International,Humane Society International,≤100
114625730266879,The Republican Accountability Project,Defending Democracy Together,≤100
1166660030079480,National Democratic Redistricting Committee,National Democratic Redistricting Committee,≤100
100607179026941,Of Thee I Sing 1776,Harold Gershowitz,≤100
243184199040637,Caring Across Generations,Caring Across Generations,≤100
123651254408327,Sokolove Law,"Sokolove Law, LLC",≤100
118626774835274,Medicare Made Clear,Medicare Made Clear from United Healthcare,≤100
114765400352270,Kite & Key Media,VMTS EDUCATION INC,≤100
393052450830634,Razom for Ukraine,"RAZOM, INC.",≤100
110070037953560,Victims.org,Victims Support Group LLC,≤100
6266829799,Sherrod Brown,FRIENDS OF SHERROD BROWN,≤100
102900705768156,Curt Hagman Listens,Ad paid for by California Real Estate Independent Expenditure Committee – California Association of REALTORS®. Committee major funding from:  National Association of REALTORS®  Not authorized by a candidate or a committee controlled by a candidate.,≤100
222108208292714,Damian Lara Listens,Damian Lara,≤100
316768628476080,Cityzenith,CITYZENITH LLC,≤100
107108074955638,Heroes Of Liberty,Heroes Of Liberty inc.,≤100
106557738450944,US Guides. & Resources,Future Tech Product,≤100
2352630938293825,Mytacticalpromos,Entremax,≤100
203583423017526,National Immigration Law Center,National Immigration Law Center,≤100
113075534165910,Viably Bracelet,Viably LLC,≤100
141374766260,Kansas Policy Institute,KANSAS POLICY INSTITUTE,≤100
105561217523274,The Dispatch,"Dispatch Media, Inc.",≤100
116546288359245,Heritage Action for America,HERITAGE ACTION FOR AMERICA,≤100
252814820267,HIAS,HIAS,≤100
100501399248142,Freedom Key Society,HJR Global,≤100
100284648021034,New Tolerance Campaign,New Tolerance Campaign,≤100
109352563640,Water.org,WATER.ORG INC.,≤100
255062275778,Tim Tebow Foundation,TIM TEBOW FOUNDATION,≤100
117437204982602,American Wild Horse Campaign,American Wild Horse Preservation Campaign,≤100
110010433804232,Standing For Freedom Center,Falkirk Center,≤100
1354622541311687,Dr. Kim Schrier,DR KIM SCHRIER FOR CONGRESS,≤100
101704558574021,Lucas Kunce,Lucas Kunce for Missouri,≤100
167586229923327,World Food Program USA,World Food Program USA,≤100
102529627943579,Make Penny Stocks Great Again,Link Media LLC,≤100
119266119983936,U.S. Representative Peter Meijer,Representative Peter Meijer,≤100
113778833499506,California Labor and Business Alliance,California Labor and Business Alliance,≤100
140499052681592,Bank of the West,BANK OF THE WEST,≤100
147447783311,Charlie Crist,"Charlie Crist, Democrat for Governor",≤100
100548345633726,Community Conversations,Community Conversations: A Project for America,≤100
260713150211,Protect Our Winters,PROTECT OUR WINTERS,≤100
107037438378143,Lead With Gratitude,Stand For Patriots,≤100
70874333603,CatholicVote,catholicvote.org,≤100
5435784683,Greenpeace USA,"GREENPEACE, INC.",≤100
113123161412311,Opportunity Savings,Seniors Today USA,≤100
1061240530648502,Joe E. Collins III,JOE COLLINS FOR CONGRESS,≤100
10498053716,Media Research Center,MEDIA RESEARCH CENTER,≤100
111311390623711,2A Daddy,Tomer Barazani,≤100
971668776283950,PolicyEd,HOOVER INSTITUTION,≤100
107764430968176,Tuttle Twins TV Show,"Tuttle Twins Show, LLC",≤100
142161905817424,AMAC - The Association of Mature American Citizens,The Association of Mature American Citizens Inc,≤100
269348454714,IMB,"INTERNATIONAL MISSION BOARD OF THE SOUTHERN BAPTIST CONVENTION, THE",≤100
6580173137,Alan Grayson,COMMITTEE TO ELECT ALAN GRAYSON,≤100
393932827634250,Dissent Pins,Common Practice,≤100
585942765164217,Elect Democratic Women,ELECT DEMOCRATIC WOMEN,≤100
17548474116,Reason Magazine,"REASON FOUNDATION, THE",≤100
18079407397,CPAC 2022,AMERICAN CONSERVATIVE UNION,≤100
102592959026,Ocean Conservancy,"OCEAN CONSERVANCY, INC.",≤100
141786816970,Cruise Lines International Association - CLIA,Cruise Lines International Association,≤100
169277310432049,"Texas Precision Optics, Inc.",Texas Precision Optics Inc,≤100
665345483483486,NRA - National Rifle Association of America,NATIONAL RIFLE ASSN OF AMERICA,≤100
106632308732619,Michael Seifert,Tomer Barazani,≤100
104215118863777,Independent Thinking,Tech Review Products,≤100
6041057841,The Humane Society of the United States,"HUMANE SOCIETY OF THE UNITED STATES, THE",≤100
236770820912505,Charles Graham for Congress,Charles Graham for Congress,≤100
7735858972,Humane Society Legislative Fund,Humane Society Legislative Fund,≤100
108266445888054,Patriot Academy,TORCH OF FREEDOM FOUNDATION,≤100
115613890351673,Screaming Freedom Apparel,Screaming Freedom Apparel,≤100
1483977658578577,Jasmine Beach-Ferrara,JASMINE BEACH-FERRARA FOR CONGRESS,≤100
349904785020665,Law & Liberty,"Liberty Fund, Inc.",≤100
36872302227,Cory Booker,CORY BOOKER FOR SENATE,≤100
601108943431836,The Flip Side,TFS INC,≤100
154930410085,"Zion Oil and Gas, Inc.","Zion OIl & Gas, Inc.",≤100
107481860660975,Fatima Iqbal-Zubair for State Assembly 65,Fatima Iqbal-Zubair for Assembly 2022,≤100
50822254585,Mountain States Legal Foundation,Mountain States Legal Foundation,≤100
1775685499406954,Scott Baugh,Scott Baugh for Congress,≤100
106007525037371,Cailey Locklair for Anne Arundel County Council,Friends of Cailey Locklair,≤100
18813753280,Human Rights Campaign,Human Rights Campaign Foundation,≤100
296093157932840,The Fulcrum,The Fulcrum,≤100
106315901551850,The U.S. Concealed Carry Association for Saving Lives,U.S. Concealed Carry Association For Saving Lives. Not Authorized By Any Candidate Or Candidate's Committee.,≤100
111713728196730,Grow Florida,Grow Florida,≤100
56661991371,Woods Hole Oceanographic Institution (WHOI),Woods Hole Oceanographic Institution,≤100
118671478740432,Solitaire - Grand Harvest,These ads ran without a disclaimer,≤100
104504438466,Federal Voting Assistance Program - FVAP,Federal Voting Assistance Program,≤100
169710960125365,Curzio Research,CURZIO RESEARCH,≤100
303021996375160,Lutherans For Life,Lutherans for Life,≤100
1547129225594616,Rich Constantine for Supervisor,"Constantine for Supervisor 2022, FPPC# 1437833",≤100
339719527200435,Ryan D. Kelley for 50th Governor of Michigan,Michigan for Ryan D. Kelley,≤100
86959124863,Rasmussen Reports,These ads ran without a disclaimer,≤100
101581948939340,Kate Pynoos for City Council,Kate Pynoos for Los Angeles City Council 2022,≤100
240425642652222,South Florida Wildlands Association,South Florida Wildlands Association,≤100
102027764795677,American Wire,BizPac Review,≤100
499361830539556,Nevada Values PAC,Nevada Values PAC,≤100
282014594653,Myers Mermel,Myers Mermel For Vermont,≤100
110684474130074,People for Opportunity,"People for Opportunity, Inc.",≤100
101379389101290,Keep Texas Red,The Boswell Project,≤100
8492293163,Environmental Defense Fund,Environmental Defense Fund,≤100
100271485189290,National Victory Action Fund,National Victory Action Fund,≤100
104308875463441,Liz Ortega for Assembly,Liz Ortega for Assembly,≤100
143981748956175,Rural Assembly,Rural Assembly,≤100
346612865750115,Korea Defense Veterans Association,Korea Defense Veterans Association,≤100
105000898784041,Scott Gryder for Congress,Scott Gryder for Congress,≤100
263311807031163,Sasha Issenberg,EmmKay Media,≤100
354329797956187,The Catholic Association,"The Catholic Association, Inc",≤100
101501768597429,Julia Letlow,Julia Letlow for Congress,≤100
118052555397,Trinity Church Wall Street,Trinity Church Wall Street,≤100
384676381708957,Education NC,Education NC,≤100
226999127329906,New York Immigration Lawyer,Law Office of Alena Shautsova,≤100
455147011996099,The Ann and Phelim Scoop,The Unreported Story Society,≤100
383191870714,Carrot,Common Pool,≤100
105782847823987,Invite Resources,St. Andrew United Methodist Church,≤100
2259323457517498,Abolish the Electoral College,ABOLISH THE ELECTORAL COLLEGE,≤100
101626535691142,Tina Blum Cohen for U.S. House of Representatives Texas District 7,TINA BLUM COHEN FOR US HOUSE OF REPRESENTATIVES TEXAS DISTRICT 7,≤100
144493206227059,Kali Fox Miller,Elect Kali Fox Miller,≤100
56439113052,CDC Foundation,These ads ran without a disclaimer,≤100
100496169211236,Carter Barrett for State House,CARTER BARRETT FOR STATE HOUSE,≤100
102862295673242,Simon Silva For Chula Vista City Attorney,Simon Silva for Chula Vista City Attorney,≤100
157230874952221,Ronda Baldwin-Kennedy,Ronda Kennedy for Congress 2020,≤100
24834672986,Hip Hop Caucus,HIP HOP CAUCUS EDUCATION FUND,≤100
100523018383357,National Federation of Christian Businesses - NFCB,These ads ran without a disclaimer,≤100
1505244559517282,Colin Allred,COLIN ALLRED FOR CONGRESS,≤100
104972115482686,"Alma Hernandez for Superior Court Judge, Seat #30",Alma Hernandez for Judge,≤100
109769864735092,Peter Ortiz for City Council,Peter Ortiz for San Jose City Council District 5 2022,≤100
615628355607126,Creative Society,Olga Simakova Schmidt,≤100
248015099034563,Janet Mills,Mills for Maine,≤100
1706206872929391,Carlyn Obringer,Carlyn Obringer for Supervisor 2022,≤100
113202014337897,Defending American Liberty,Defending American Liberty,≤100
119707748062556,Ron Johnson,"RON JOHNSON FOR SENATE, INC",≤100
1316372698453411,Alexandria Ocasio-Cortez,THE SQUAD VICTORY FUND,≤100
107363788552124,Local Solutions Support Center,Local Solutions Support Center,≤100
594519783957655,Citizens for National Security,Citizens For National Security,≤100
6817268395,Campus Pride,CAMPUS PRIDE INC,≤100
115794569798040,Erick Aguilar,ERICK AGUILAR CONGRESSIONAL RACE CANDIDATE,≤100
16900111951,National Organization for Women (NOW),NATIONAL ORGANIZATION FOR WOMEN,≤100
113223650193301,MAGA Revolution,Apse Media LLC,≤100
100113865706707,ADF Generational Wins Prayer Initiative,ALLIANCE DEFENSE FUND INC,≤100
141169844763069,US Cannabis Council,United States Cannabis Council,≤100
102281192230784,Forward Party,Forward Party,≤100
148048225348895,Danielle D'Souza Gill,DDG Media LLC,≤100
627951147293090,Fat Finger,Fat Finger LLC,≤100
2392327931036570,BRIGHTMARK,Brightmark,≤100
82111363485,Better Government Association,"BETTER GOVERNMENT ASSOCIATION, INC.",≤100
628642814447317,Pastor Brian E Hawkins,Brian Eugene Hawkins,≤100
108121801530462,Andrea Rosenthal for Assembly,ANDREA ROSENTHAL FOR ASSEMBLY 2022,≤100
222239681125641,Long Beach Firefighters,Long Beach Firefighters,≤100
96011276891,Heinemann Publishing,Heinemann Publishing,≤100
328065780936817,Forest Fire Facts,Strategy Solutions,≤100
44951363957,American Enterprise Institute,American Enterprise Institute,≤100
5998839406,Avow,"Avow, Inc",≤100
250485248333218,Clean Air Task Force,CLEAN AIR TASK FORCE,≤100
175672252499829,Trending America,Trending Views,≤100
750121728449001,Rebuild SoCal,Rebuild SoCal Partnership,≤100
129064750465027,Women's Earth Alliance,Earth Island Institute,≤100
106818880900065,Planet Insiders,Planet Insiders,≤100
126037931371545,Law Offices of Jonathan K. Park & Associates,Law Offices of Jonathan K. Park & Associates,≤100
110274428288444,Denis Bilodeau for Board of Equalization,Bilodeau for Board of Equalization,≤100
464998390249008,The Independence Fund,"INDEPENDENCE FUND, INC, THE",≤100
173913453412212,Re-Elect Michelle Hutchins Mendocino County Superintendent of Schools,Elect Michelle Hutchins County Superintendent 2022,≤100
139835646030666,Alliance for Aviation Across America,Alliance for Aviation Across America,≤100
169440273093442,The Center for Election Science,The Center for Election Science,≤100
894315020709961,CARE About Housing,"Coalition for Affordable, Reliable, and Equitable Housing",≤100
112735922758892,Charlie Kirk,Salem Media Group,≤100
69611504313,Simon & Schuster,Simon and Schuster,≤100
102454465463361,Chima for Congress,CHIMA FOR CONGRESS,≤100
27461595703,Carbonfund.org Foundation,Carbonfund.org Foundation,≤100
242078112950301,Amy Vilela,AMY VILELA FOR CONGRESS,≤100
273546779885377,The Gallant Pelham,"delupton, LLC",≤100
107299941677097,Impeach Joe Biden,Defending Freedom LLC,≤100
200650357207240,I Love My Freedom,I Love My Freedom,≤100
332843176870186,Dr. Tom Sherman,Dr Tom Sherman for Governor,≤100
147805958594728,FaithWords,"Hachette Book Group, Inc.",≤100
1498276003782062,League of Women Voters of Mesa County,LEAGUE OF WOMEN VOTERS OF,≤100
101170995585498,Sherine Smith for OC Board Of Education,Sherine Smith for Orange County Board of Education 2022,≤100
102537901950568,CO Minds Over Mass Shootings,CO MINDS OVER MASS SHOOTINGS,≤100
2312011982148951,Freedom Fatigues,These ads ran without a disclaimer,≤100
1600352356914768,PushBlack,PushBlack,≤100
31365402722,The Gospel Coalition,"GOSPEL COALITION, INC., THE",≤100
125845052150716,Monica De La Cruz for U.S. Congress,Monica For Congress,≤100
101822944998763,The Whistleblower,"Whistleblower Media Group, LLC",≤100
100158948453494,Lars for President,LARS MAPSTEAD FOR PRESIDENT,≤100
399918272151,Kimbley Craig,"Kimbley Craig for Supervisor 2022, FPPC #1443121",≤100
1735668949879194,MHG Commercial Brokered by My Home Group Real Estate,MHG Commercial Brokered by My Home Group Real Estate,≤100
262229647256771,Greystone,Greystone LLC,≤100
123548795009591,Henry Bouchot,Bouchot for Senate 2022,≤100
111612091415507,Ana Valencia For Assembly 2022,Ana Valencia for State Assembly 2022,≤100
101426792311938,Political Edge Comics,Political Edge,≤100
105279368734041,Operation BlackOut,Civic Roots Action Inc.,≤100
103399079063491,Patriots Today,Carter Michael Hughes,≤100
159214207491260,Mark Takano,Mark Takano for Congress,≤100
118372414848063,UN Women USA,UN Women USA,≤100
101895018229248,Boone County Republican Central Committee,Boone County Republican Central Committiee,≤100
47086345822,The Praxis Project,PRAXIS PROJECT INC,≤100
289538836525,America Walks,AMERICA WALKS INC,≤100
1439168163008159,Dominicanos USA,DOMINICANOS USA INC NY,≤100
60326619815,Asian Pacific American Institute for Congressional Studies (APAICS),Asian Pacific American Institute for Congressional Studies (APAICS),≤100
373814729643508,Let America Vote,Let America Vote PAC and National Democratic Redistricting Committee,≤100
253636542210507,Jeff Magrum for State Senate,Jeff Magrum for State Senate,≤100
280704452367167,Jason Crow,JASON CROW FOR CONGRESS,≤100
1820235708204209,Mike Thoms,Thoms for Senate,≤100
198447390308626,Gregg Hart,Gregg Hart for Assembly 2022,≤100
129906250530571,BeautyPlus,These ads ran without a disclaimer,≤100
125308547541274,Something Good with Dr. Ron Jones,"Ron Jones Ministries, Inc. DBA Something Good Radio",≤100
192591294101850,Factory Farming Awareness Coalition (FFAC),Factory Farming Awareness Coalition,≤100
109866370700481,PushBlack Finance,PushBlack,≤100
620515378314908,Noah Ring,Noah Dalton Eugene Ring,≤100
717339155320936,Better Solutions for Healthcare,Better Solutions for Healthcare,≤100
114891551199746,Valley Power - Re-Elect Norma Sierra Galindo and Alex Cardenas to IID,San Diego-Imperial Counties Labor Council AFL-CIO,≤100
101107088856925,Frank McCormick - Chalkboard Heresy,Francis J Mccormick,≤100
513785465632396,Airline Passengers for Justice,Airline Passengers for Justice,≤100
30139072158,CARE,CARE,≤100
105024558895014,Real Justice For Michiana,Benjamin S. Dallas,≤100
1259773994201462,Dollar Donation Club,DOLLAR DONATION CLUB LTD,≤100
162069790604,AARP Arizona,AARP,≤100
86711894400,National Write Your Congressman,National Write Your Congressman,≤100
1526736227567131,TrueCoverage,True Coverage,≤100
112600128131825,Ahorros Mayores,Seniors Today USA,≤100
786167111464006,Woodson Center,The Woodson Center,≤100
1881534942159746,Comedian Jeremy Nunes,Front Porch Entertainment Inc,≤100
2289310827970853,Stephanie Krebs,These ads ran without a disclaimer,≤100
100652708772811,Anne Cottrell for Supervisor,Anne Cottrell for Supervisor 2022,≤100
1420200111329836,Alan C. Moore,Alan Christopher Moore,≤100
1444820465547227,Rank the Vote,Rank the Vote,≤100
47393489592,Jew in the City,Jew in the City an NJ nonprofit,≤100
117819650905617,Red Wave News,Tomer Barazani,≤100
90461584470,Marc Levine,Friends of Marc Levine,≤100
56332452163,AMA Patients Action Network,American Medical Association,≤100
504118316658151,SilencedOrganic,SilencedOrganic.com,≤100
178498308568,Human Life International,HUMAN LIFE INTERNATIONAL INC,≤100
100162215660565,Primary Sinema,Change for Arizona 2024 PAC,≤100
105756057589080,The Lincoln Project,The Lincoln Project,≤100
473956976508778,The Slowdown,Slowdown Media,≤100
100383465536997,Michelle Oyola McGovern for County Commission,"Michelle Oyola McGovern, Democrat, for County Commission",≤100
119216091518705,Protect The Harvest,Karen Elizabeth Glueck,≤100
279798632466565,Vivian Moreno,Vivian Moreno for City Council 2022,≤100
472811836234923,Fred Akshar,Akshar For Sheriff,≤100
150468198331534,The David Pakman Show,The David Pakman Show,≤100
50714237985,The Rutherford Institute,RUTHERFORD INSTITUTE,≤100
103036958927760,Red Wave,The Boswell Project,≤100
100785085888800,Wake The Sleeping Giant,Michael Scott Hughes,≤100
503943113445335,Pregnant Choices Medical Clinic,Pregnant Choices,≤100
336861789666063,Liberty Fund,LIBERTY FUND INC,≤100
16695101734,National Association of Social Workers,These ads ran without a disclaimer,≤100
248390427094043,American Liberty News,Elliance Digital Media,≤100
1723654234563693,Joe Patterson,Joe Patterson for Assembly 2022,≤100
104482607996255,Discourse Magazine,MERCATUS CENTER INC,≤100
122189497713,VisionForward,Drexel University,≤100
67198072267,Michigan Capitol Confidential,The Mackinac Center for Public Policy,≤100
109834088391434,Roger DeGroot for State Representative,DeGroot for House,≤100
101642140171339,Ryan Fournier,Ryan Fournier,≤100
104334972240670,Eric Isaac for Judge,Eric Isaac for Judge,≤100
107209354867129,Team Trimino,Anthony Trimino For Governor 2022,≤100
1049573471767276,The Guardian Fund,THE GUARDIAN FUND,≤100
100835851981677,Reprieve US,REPRIEVE US INC,≤100
878739828837848,Emmett Badar,Emmett Badar for San Dimas Mayor,≤100
404464510410138,Get Smart Politics,Eric Edmund Bohl,≤100
164326783768856,Lisa Bartlett,Lisa Bartlett for Congress 2022,≤100
1399736660066130,Jews for a Secular Democracy,SOCIETY FOR HUMANISTIC JUDAISM,≤100
109047137642874,Everything's Political Podcast with Junius Williams,Angel Noel Kennedy,≤100
101160682090663,美国攻略,美国攻略,≤100
103685931168582,Kvarøy Arctic Salmon,Kvaroy Arctic Salmon USA,≤100
102151458345790,Born Human Apparel,Cassandra Naldoza,≤100
103672154881509,Blue Slate,Blue Slate,≤100
105893278620816,Chris West GA,"Chris West for Congress, Inc.",≤100
291102898490822,Conservative Comedy Store,Conservative Comedy Store,≤100
1614661592087731,San Diego County Gun Owners,San Diego County Gun Owners Political Action Committee,≤100
304492001817,Emma's Revolution,Sandra Elaine Opatow,≤100
29770886815,Marijuana Policy Project,MARIJUANA POLICY PROJECT,≤100
1592284140810506,Gwenn Burud for Texas,Burud For Texas,≤100
80392814444,Parents Television and Media Council,"PARENTS TELEVISION COUNCIL, INC.",≤100
105762936143008,Uponor North America,Uponor North America Inc.,≤100
111474151338202,Committee to Elect Kari MacRae,MacRae committee,≤100
104182222225110,Change the Narrative,Change the Narrative,≤100
151894654697,Save Our States,Save Our States,≤100
1586241161699749,DeliverFund,DeliverFund,≤100
104728131848361,Offshore Wind For North Carolina,Southeastern Wind Coalition,≤100
166194476728392,Center Street,"Hachette Book Group, Inc.",≤100
207901812670026,theSkimm,These ads ran without a disclaimer,≤100
325771844133731,Mike Gipson,Mike Gipson for Assembly 2022,≤100
655065784538368,PredictIt,"PredictIt - Prediction Markets. A project of Victoria University of Wellington, PredictIt has been established to facilitate research into the way markets forecast events.",≤100
104715815056151,Mike Ezell,Committee to Elect Mike Ezell,≤100
431019887282794,Tomorrow's World Today,Flying Cork,≤100
177468535761851,Cruelty Free International - United States,Cruelty Free International - United States,≤100
236770820912505,Charles Graham for Congress,CHARLES GRAHAM FOR CONGRESS,≤100
110178681546156,Ryan Eckroth for District 35 Senate,Ryan Eckroth Campaign Fund,≤100
483373685140527,Birthright Israel Foundation,"BIRTHRIGHT ISRAEL FOUNDATION, THE",≤100
102095125641253,Tyler Tordsen for District 14 House,Tyler Tordsen for SD,≤100
147523538641547,Capitol Ministries,CAPITOL MINISTRIES,≤100
104916968538177,TIS 이주공사,TIS VISA CORPORATION,≤100
33110852384,Doctors Without Borders/Médecins Sans Frontières (MSF),These ads ran without a disclaimer,≤100
102748688472759,Parents Defending Education,Parents Defending Education,≤100
100124709108034,Patriot One News,Matt Clark Agency,≤100
8524198486,Physicians Committee for Responsible Medicine,"PHYSICIANS COMMITTEE FOR RESPONSIBLE MEDICINE, INC.",≤100
101831304856606,La Mesa Boricua de Florida,Maruxa D Cardenas,≤100
104235371680366,Alex Lasry,LASRY FOR WISCONSIN,≤100
100119981671668,Blue Senate,BLUE SENATE PAC,≤100
114994916573293,CareForAllChildren,CareForAllChildren,≤100
144850842237429,Independentvoting.org,Independent Voting (IndependentVoting.org),≤100
214061167976,El Tiempo Latino,MASTV EL PLANETA LLC,≤100
79820371749,Ayanna Pressley,THE COMMITTEE TO ELECT AYANNA PRESSLEY,≤100
49847453309,UC Advocacy Network,University of California,≤100
243498882520314,FoodFinder,"FOODFINDER, INC.",≤100
101201075736892,Chris Brown for Collier County Judge Group 3,"Chris Brown, nonpartisan, for Collier County Judge Group 3.",≤100
108650400954148,Stopping Socialism TV,The Heartland Institute,≤100
179042532903649,Cindy Hyde-Smith,Cindy Hyde Smith for US Senate,≤100
1571132936490223,JewBelong,JEWBELONG INC.,≤100
294508332028,Lakota People's Law Project,ROMERO INSTITUTE,≤100
6316744206,Jon Tester,MONTANANS FOR TESTER,≤100
204350233505116,Adrian Fontes for Arizona Secretary of State,Fontes for AZ. Authorized by Adrian Fontes.,≤100
655729801170405,Planned Parenthood Maine Action Fund,Planned Parenthood Maine Action Fund PAC,≤100
100790632013352,Wesley Smith for Congress,WESLEY SMITH FOR CONGRESS,≤100
286020114815456,County of Volusia,County of Volusia,≤100
915656035153394,Oceanites,OCEANITES INC,≤100
60449667441,Family Research Council,FAMILY RESEARCH COUNCIL,≤100
100176275759777,Pat Ruiloba for Sheriff,Committee to elect Patricio Ruiloba,≤100
101485404914361,Bad News Wares,Bad News Wares,≤100
108873101593827,Dr. Annie Andrews,DR. ANNIE ANDREWS FOR CONGRESS,≤100
102348718970238,Jan Kulmann,JAN FOR CONGRESS,≤100
1989455101347558,Senator Dennis Hisey,Elect Dennis Hisey,≤100
620769971337937,John Moolenaar,Moolenaar for Congress,≤100
102173001195418,Mary Miller for Congress,Mary Miller For Congress,≤100
111442591574663,Neighbors for Sheriff Bolanos in 2022,Neighbors for Sheriff Bolanos in 2022,≤100
108060587996013,Joe Kent for Congress WA-03,JOE KENT FOR CONGRESS,≤100
107194901037259,"I'm American, Born & Raised",Nicholas Pagnotta,≤100
64974200999,America-Israel Friendship League,AMERICA-ISRAEL FRIENDSHIP LEAGUE,≤100
1653885501501009,Propeller,Propeller Enterprises,≤100
102820629050000,"Elect JT Absher, Nevada State Senate District 10",Absher for Nevada Committee,≤100
103981995542610,Yes on Measures A and B - Protect our Water,VC-SAFE,≤100
112383205925136,David Canepa,CANEPA FOR CONGRESS,≤100
140357056032320,NEA Today,National Education Association,≤100
1400412163350743,Christy Holstege for State Assembly,Christy Holstege for Assembly 2022,≤100
184612575302734,Buy American Campaign,Buy American Campaign,≤100
522359791285231,American Greatness,Tomer Barazani,≤100
6012633110,Communications Workers of America,These ads ran without a disclaimer,≤100
306591716448427,Cindy Axne,CINDY AXNE FOR CONGRESS,≤100
170126260000702,Western Journal US News,The Western Journal,≤100
95001097200,National Association of Manufacturers,NATIONAL ASSOCIATION OF MANUFACTURERS OF THE UNITED STATES OF AMERICA INC.,≤100
255486647814076,Penguin Kids,Penguin Random House,≤100
115403471809909,Plastic Oceans,PLASTIC OCEANS INTERNATIONAL,≤100
108268161352786,Stanley M. Herzog Foundation,Herzog Foundation,≤100
239029093423,Dave Jones,Dave Jones for State Senate 2022,≤100
645392368909975,carafem,carafem,≤100
143173285763,Tenth Amendment Center,Tenth Amendment Center,≤100
106575991953149,Free Country Heritage,Defending Freedom LLC,≤100
102794658754102,Daily Freedom,Trending Views,≤100
110316380149,Family Policy Alliance,Family Policy Alliance,≤100
2007361039550045,"Center for Free, Fair, and Accountable Democracy","CENTER FOR FREE, FAIR, AND ACCOUNTABLE DEMOCRACY, INC.",≤100
108292224211585,Artists 4 Long-Term Care,These ads ran without a disclaimer,≤100
285399776661,Shawnna Bolick,Vote Bolick. Authorized by Shawnna Bolick.,≤100
55708608675,RAND Corporation,"RAND CORPORATION, THE",≤100
510680265702016,Crowned Free,Crowned Free,≤100
420785874975425,Conservative Institute,The Conservative Institute,≤100
700806360047982,CFG Action,Club for Growth Action,≤100
760571317346770,Steve Fox for Assembly,Steve Fox For Assembly 2020,≤100
829204870577450,The Revolution of Love,Shafi Love Goodwin,≤100
1639262936323284,Angelique Ashby for State Senate,Angelique Ashby for Senate 2022,≤100
497023064072279,Pedro Israel Orta,Pedro Israel Orta Evangelistic Association,≤100
276076196388914,Coffee & Pan Dulce Show,Coffee & Pan Dulce Show,≤100
46428009499,The Jewish Agency for Israel,The Jewish Agency For Israel,≤100
102897994487959,Radooga_com,These ads ran without a disclaimer,≤100
109544121373149,California Operators Association,California Operators Association,≤100
206628262752838,Clayton,CLAYTON HOMES INC,≤100
46785153750,National Fair Housing Alliance,National Fair Housing Alliance,≤100
1223818144299403,DFRLab,"ATLANTIC COUNCIL OF THE UNITED STATES, INC. (THE)",≤100
114197411271539,Brighter Chula Vista,"Residents for a Brighter Chula Vista, Supporting Amar Campa-Najar for Mayor 2022",≤100
103966991229588,Frank Bojazi,Trending Views,≤100
104657602040321,Truth Media,Truth Media,≤100
108167465101691,Stephanie Clements for L.A. City Controller,Clements for Controller,≤100
107711061946310,Adorn ACC,These ads ran without a disclaimer,≤100
100242948666254,American Liberty Project,American Liberty Project LLC,≤100
105632651693953,Marisa Wood for Congress,MARISA WOOD FOR CONGRESS,≤100
243828530569,"Housing Opportunities, Inc.",Housing Opportunities,≤100
1517919588502283,Christy Smith for Congress,CHRISTY SMITH FOR CONGRESS,≤100
30090692503,City of West Hollywood Government,City of West Hollywood,≤100
680907265412546,People's Lives Matter,These ads ran without a disclaimer,≤100
2099448153445994,Students for Life Action,Students for Life Action,≤100
102299795366999,Tapai Bishnu-তপাই বিষ্ণু,These ads ran without a disclaimer,≤100
105242752173871,True Freedom News,Carter Michael Hughes,≤100
1634651343331439,Project Wren,Landon Scott Brand,≤100
101716172441500,Brennan Center en Español,"WILLIAM J. BRENNAN CENTER FOR JUSTICE, INC.",≤100
2070944712939738,American Police Officers Alliance,American Police Officers Alliance,≤100
108008514841150,Save Jackson Park,Jeannette L Hoyt,≤100
97586699504,Environmental Film Festival in the Nation's Capital,ENVIRONMENTAL FILM FESTIVAL IN THE NATIONS CAPITAL,≤100
337996667002595,Noaral com,These ads ran without a disclaimer,≤100
25121889784,Texas Public Policy Foundation,Texas Public Policy Foundation,≤100
107109947803536,Analyzing America,Gregory Lawrence Burright,≤100
378347615979847,Re-Elect Mike Hestrin District Attorney 2022,Mike Hestrin for District Attorney 2022,≤100
104377518078467,More Perfect Union,MORE PERFECT UNION FOUNDATION,≤100
21492729544,Catholic Relief Services,CATHOLIC RELIEF SERVICES - UNITED STATES CONFERENCE OF CATHOLIC BISHOPS,≤100
111264034897539,Neighbors for a Better Long Beach,Neighbors for a Better Long Beach,≤100
399060493533519,The Justice Foundation,JUSTICE FOUNDATION,≤100
224110651893,International African American Museum,IAAM,≤100
936968016365794,The Eric Metaxas Radio Show,Salem Media,≤100
105082297816983,Center for Truth in Science,Center for Truth in Science,≤100
183165025062107,The TESA Collective,"The Toolbox for Education and Social Action, Inc",≤100
204623453392865,Angélica Dueñas for Congress - CA29,ANGELICA DUENAS FOR US,≤100
105917818181161,Remove Ron,"Remove Ron, Inc.",≤100
95135221781,Federal News Network,Hubbard Radio DC,≤100
471134912978464,Alex Padilla,ALEX PADILLA FOR SENATE,≤100
106480478331065,Kevin4Marin,Morrison for Marin County Supervisor 2022,≤100
122778111789893,Jon Wizard for Assembly,Wizard for Assembly 2022,≤100
487016711675518,Roberto Uranga,Roberto Uranga for City Council 2022,≤100
105320878769373,Francisco Navarro for Superior Court Judge 2022,Francisco Navarro for Superior Court Judge,≤100
1161149614064908,Welcome PAC,WELCOMEPAC,≤100
109201724243641,Librockreport.net,Stephen Li,≤100
101240352374938,Sara Aminzadeh for Assembly,Sara Aminzadeh for Assembly,≤100
101365935730371,Judge John Noverini,Citizens for Noverini,≤100
806311779499303,Katie Arrington,KATIE FOR CONGRESS,≤100
184609361596971,Scott Peters,SCOTT PETERS FOR CONGRESS,≤100
6277148057,Doris Matsui,MATSUI FOR CONGRESS,≤100
150127528352944,Food Integrity Campaign,GOVERNMENT ACCOUNTABILITY PROJECT INC,≤100
183484875153093,Kim Monson Show,The Kim Monson Show,≤100
708677422591042,Kevin Kiley,Kevin Kiley For Congress,≤100
114000234614859,1962 PAC,1962 PAC,≤100
303374266418976,AFPM,American Fuel & Petrochemical Manufacturers,≤100
126379917403141,UnitedHealthcare Empowering Health,Intersport Inc.,≤100
384006901653736,The Moore Charitable Foundation,Moore Charitable Foundation,≤100
568103006940639,Law Office of Gary J. Kim,Law Offices of Gary J. Kim,≤100
10897453188,Operation Mobilization - OM USA,"OPERATION MOBILIZATION USA, INC.",≤100
100426321829496,Albert Corado,Albert Corado for City Council 2022,≤100
338758899543225,Alan Wilson,Alan Wilson for Attorney General,≤100
69147011528,DonkeyTees.com,Donkey Tees,≤100
7191206138,ASPCA,ASPCA,≤100
127691390582,PHI,"PARAPROFESSIONAL HEALTHCARE INSTITUTE, INC.",≤100
100262991978586,ThinkMissa,Marissa Christina Hernandez,≤100
814705172017182,Genusee,Genusee,≤100
330641537286442,Virginia Constitutional Conservatives,Virginia Constitutional Conservatives,≤100
134275060386,DAV,DISABLED AMERICAN VETERANS,≤100
1387793531459896,Hugh Weathers,ELECT WEATHERS AGRICULTURE COMMISSIONER,≤100
1817346558513692,Keith Pekau,PEKAU FOR CONGRESS,≤100
110434514826654,"Bray For Bell - For Bell County Commissioner, Precinct 4",Christopher Earl Bray,≤100
1179140112096711,Grace Napolitano for Congress,Napolitano for Congress,≤100
12692955711,Chronicle of Higher Education,"CHRONICLE OF HIGHER EDUCATION, INC. (THE)",≤100
1996971637047489,"ProQuest Schools & Communities, Part of Clarivate",PROQUEST LLC,≤100
109697841684769,Virginia Buzz,SPANBERGER FOR CONGRESS,≤100
401757013244289,The Kari Lake,Lake For AZ,≤100
38236386996,LSU Press,LSU Press,≤100
103851564652,Waterkeeper Alliance,WATERKEEPER ALLIANCE INC,≤100
103789661901371,"Andrew M. Crockett, CPA",Elect Andrew Crockett Santa Clara County Assessor 2022,≤100
103373519004702,Environmental Solutions Coalition,Environmental Solutions Coalition,≤100
494259170754224,Keeping IDentities Safe,KEEPING IDENTITIES SAFE,≤100
34992314695,National Center for Public Policy Research,NATIONAL CENTER FOR PUBLIC POLICY RESEARCH,≤100
999271353449574,Chirla ActionFund,These ads ran without a disclaimer,≤100
1810409369206341,SOUTH AMBOY DEMS,South Amboy Dems,≤100
1432294810337971,Something Anything Radio,Carl R Watts,≤100
109974441696024,North Valley Young Republicans,Ari Bradshaw,≤100
40973310753,Pathfinder International,Pathfinder International,≤100
59783434599,Hasbara Fellowships,HASBARA FELLOWSHIPS,≤100
60865633726,Love Justice International,TINY HANDS INTERNATIONAL,≤100
108248211758265,Bob Hertzberg for L.A. County Supervisor,Bob Hertzberg for Supervisor 2022,≤100
110468488981853,UNRWA USA,UNRWA USA,≤100
1571401929773000,North County  Climate Change Alliance,North County Climate Change Alliance,≤100
77273593330,Hillel International,HILLEL THE FOUNDATION FOR JEWISH CAMPUS LIFE,≤100
166885010051599,"Landerholm Immigration, APC","Landerholm Immigration, A.P.C.",≤100
101400032438085,The A-Mark Foundation,A MARK FOUNDATION,≤100
389096331144686,Friends of Sinn Féin USA,FRIENDS OF SINN FEIN INC,≤100
107326878275017,National Pretrial,National Pretrial,≤100
105155545186714,"Stand Up for Property Rights, Big Woods and Wetlands","Stand Up For Property Rights, Big Woods and Wetlands",≤100
101513908193475,Manny Kess,Manny For Nevada,≤100
106244251043808,America's Plastic Makers,"AMERICAN CHEMISTRY COUNCIL, INC.",≤100
101770425734652,Merritt Hale,FRIENDS OF MERRITT HALE,≤100
1359505927455440,Global Health NOW,Johns Hopkins Bloomberg School of Public Health,≤100
104491841664875,Adam Kinzinger,Future First Leadership PAC,≤100
107645227592678,To Which We Belong,Mystic Artists,≤100
141972426677848,Dr. Akilah Weber,Akilah Weber For State Assembly,≤100
104147978618588,Tiara L. Mays for Iowa House,Tiara Mays for Iowa,≤100
100631775978696,Michela Alioto-Pier for State Board of Equalization 2022,"Michela Alioto-Pier for State Board of Equalization 2022, FPPC# 1444394",≤100
249467225254927,The Love > hate Project,LOVE GREATER THAN HATE PROJECT,≤100
102031242285090,Burks For Montana,Burks for Montana,≤100
6696842658,Avodah,AVODAH THE JEWISH SERVICE CORPS,≤100
430964644347524,Campaign Ad-Cloud,Campaign Ad-Cloud,≤100
203993516614969,Oklahoma Faith Leaders,Oklahoma Faith Leaders,≤100
700941689954518,Defend Our Future,Defend Our Future,≤100
109823948108045,Lee for U.S. Senate,LEE FOR WISCONSIN,≤100
1614294382123432,Universal Peace Federation USA,UNIVERSAL PEACE FEDERATION USA INC,≤100
107307395183445,Supervisor Steve Ly,Steve Ly for Supervisor 2022,≤100
110961274945047,"Families for Lower Electricity Rates & Accountability""",Families for Lower Electricity Rates & Accountability,≤100
126815818975,Global Fund for Children,GLOBAL FUND FOR CHILDREN (THE),≤100
160630887998827,Let Them Live,Nathan Montgomery Berning,≤100
101445435512612,"Coalition for Public Safety Reform, Training and Transparency","Coalition for Public Safety Reform, Training and Transparency",≤100
114772974408210,I Love America,The Boswell Project,≤100
102194888711797,Ed Brady for Jeffco Sheriff,Ed Brady for Jeffco Sheriff,≤100
208551063368,Dominican Friars of the Province of Saint Joseph,DOMINICAN FOUNDATION,≤100
1553978148244954,Build With Strength,Build With Strength,≤100
543630662392876,Maura Healey,The Committee to Elect Maura Healey,≤100
659878157406228,America's Warrior Partnership,America's Warrior Partnership,≤100
14038292386,Women for Women International,WOMEN FOR WOMEN INTERNATIONAL,≤100
106042951984377,DC Enquirer,The Boswell Project,≤100
101319054682618,The Liberty Belle,Christin Elizabeth Mcmasters,≤100
117270568319993,NYSUT - A Union of Professionals,New York State United Teachers,≤100
109072395032503,Committee to Invest in San Rafael Schools - YES on Measures B & C,Committee to Invest in San Rafael Schools,≤100
173263326992,Healthline,These ads ran without a disclaimer,≤100
142405795847179,Breathe Project,COMMUNITY FOUNDATION OF GREATER JOHNSTOWN,≤100
104377641671195,Salem Podcast Network,Salem Media,≤100
1634918106800697,Caleb-Michael Files,CALEB-MICHAEL FILES,≤100
405209453580678,Proud Trump Supporters,Proud Right Winger,≤100
105543694706664,Scott Epstein for Los Angeles City Council,Scott Epstein for LA City Council 2022,≤100
5878048748,GlobalGiving,"GLOBALGIVING FOUNDATION, INC.",≤100
366351973736242,Red Rock Secured,Red Rock Secured,≤100
97079879680,Convoy of Hope,CONVOY OF HOPE,≤100
169840807024913,Jobob,The Jobob Show,≤100
114484041246173,Erin Darling for Los Angeles City Council District 11,Erin Darling for City Council 2022,≤100
102846434825096,Boot Texas Republicans,Boot Texas Republicans,≤100
126607644216628,Erik Nasarenko for District Attorney,Erik Nasarenko for DA,≤100
103983379801,Texas Democratic Party,Texas Democratic Party,≤100
217215731797625,InsideSources,"InsideSources, LLC",≤100
107238494780494,Tim McOsker for L.A. City Council,Tim McOsker for City Council 2022,≤100
16317479654,Deseret News,Deseret News,≤100
109374912424067,Drew McKissick,DrewMcKissick.com,≤100
999556810102061,Signature Seas,Signature Seas,≤100
108476394845917,YES Greenway,YES Greenway,≤100
473191156175163,EDF Action,Environmental Defense Action Fund,≤100
1472646719660267,The Maggie Phair Institute for Democracy and Human Rights,Maggie Phair Institute for Democracy and Human Rights,≤100
21558520471,Oregon Education Association,OREGON EDUCATION ASSOCIATION,≤100
236744524920470,Net Positive,"Target Marketing Digital Marketing Agency, LLC",≤100
204626306331350,Up to Us,NET IMPACT,≤100
199891603386344,Common Ground Committee,Common Ground Committee,≤100
1522225454731756,iThrive Games,ITHRIVE GAMES FOUNDATION,≤100
1274662982558263,Care Is Essential,SEIU,≤100
122671561263552,Committee for Better Banks,"COMMUNICATIONS WORKERS OF AMERICA, AFL-CIO, CLC",≤100
117507751891,United Poultry Concerns,"UNITED POULTRY CONCERNS, INC",≤100
151831768195685,Santa Cruz County Friends of the Rail & Trail (FORT),Santa Cruz County Friends of the Rail and Trail,≤100
437061983081013,Ryan Zinke,ZINKE FOR CONGRESS,≤100
1476342155924546,Big Rig Threads,Big Rig T-Shirts and Decals LLC,≤100
1802177709900081,The Spectator World,The Spectator US,≤100
142377071013968,"Elect Stephanie Gallardo, WA-9",People of the 9th for Stephanie,≤100
2584963601575757,Yootopian,The Yootopian,≤100
279799525443906,HELPS Nonprofit,HELPS Nonprofit Law Firm,≤100
2321993911380376,Dr. Patricia Campos Medina,Cristina A Pinzon,≤100
369309166748535,Derek Utley,Tomer Barazani,≤100
104067111877737,Noah V Malgeri for Congress,NOAH FOR NEVADA,≤100
100471958827050,FB Local Business Matters,FB Local Business Matters,≤100
1494329120822927,Kraven Comics,Kraven Comics,≤100
110435914875048,Donald Payne Jr.,PAYNEJR4CONGRESS,≤100
371984702815238,Dave Hinman,Committee to Elect Dave Hinman,≤100
369823720382028,Jacob Torgerson for House District 81,Torgerson for Montana,≤100
402131763219332,James Gallagher,Gallagher for Assembly 2022,≤100
117592091643709,Tree of Life Ministries｜Evangelism in Israel,Tree of Life Ministries,≤100
1867508750191335,Monuments For All,Monuments for All,≤100
104036501020972,Shiva Tamara,These ads ran without a disclaimer,≤100
99033391274,Brian Kemp,Kemp for Governor Inc,≤100
47016231622,AFROPUNK,AFROPUNK WORLDWIDE LLC,≤100
499379343409991,Impact Fund,"IMPACT FUND, THE",≤100
100884055713959,Stephen Barrett For Senate,Stephen Barrett For Frederick,≤100
1955953381348064,State Representative Trent Ashby,Texans for Trent Ashby,≤100
100637631678746,Conservative News Daily,Conservative News Daily,≤100
169204449790211,Conservative News Today,BizPac Review,≤100
1616728165212478,Environmental Voter Project,"Environmental Voter Project, Inc.",≤100
220538341415523,The Satanic Temple,THE SATANIC TEMPLE,≤100
30079936984,CWS,"CHURCH WORLD SERVICE, INC.",≤100
511996862318810,True Homestead,Ramiro Orta,≤100
100451008718644,Joe Lisuzzo,Lisuzzo Senate 2022,≤100
56431624743,Ceres,Ceres,≤100
58019237565,Tan Parker,Tan Parker Campaign,≤100
110556777915958,Matt Putorti,MATT PUTORTI FOR CONGRESS,≤100
609392489162556,Pat Bates,Pat Bates For Supervisor,≤100
102987278979824,Thomas Allison for Judge,Thomas Allison for Los Angeles County Superior Court Judge 2022,≤100
392532947459565,Aurelio Mattucci Torrance City Council,Aurelio Mattucci for City Council 2022,≤100
134696280446,Central Pennsylvania Food Bank,CENTRAL PENNSYLVANIA FOOD BANK,≤100
101253125920004,Trails for Truckee - YES on Measure U,"Committee for Trails – Yes on U, FPPC# 1446479",≤100
223037094382846,She Is Safe,SHE IS SAFE INC,≤100
101543062198383,Dawn Pulliam for County Council,Friends of Dawn Pulliam,≤100
300771948461,County Health Rankings & Roadmaps,County Health Rankings & Roadmaps,≤100
100163978899578,Takona Scauflaire For Congress,TAKONA SCAUFLAIRE FOR CONGRESS TEXAS 6TH DISTRICT,≤100
104760111911291,Dear President Trump,Philip A Harris,≤100
452797224923658,The Democratic Coalition,THE DEMOCRATIC COALITION,≤100
349800859019034,The 19th News,The 19th,≤100
103355385129734,The Climate Pledge,The Climate Pledge,≤100
830803146937889,Peace in Schools,Peace in Schools,≤100
270315106364000,Global Orphan Prevention,GLOBAL ORPHAN PREVENTION,≤100
1992069420813302,Mayor Elizabeth Alcantar,Elizabeth Alcantar for Assembly 2022,≤100
105159868790586,Jess Self for Assembly,Self for Assembly 2022,≤100
101810652152706,Ship It Zero,PACIFIC ENVIRONMENT AND RESOURCES CENTER,≤100
100500465282483,Breaking Battlegrounds,September Group LLC,≤100
318551944941774,Patty Pansing Brooks,PATTY FOR CONGRESS,≤100
139766499461199,Tom Rice for Congress,TOM RICE FOR CONGRESS,≤100
101391906600,Live Action News,Live Action,≤100
246373049744441,Patriot Free Press,Patriot Free Press,≤100
118697061602554,Jason Brodeur,"Jason Brodeur, Republican, for State Senate",≤100
791060984430263,Nelson Esparza,Esparza for Fresno City Council 2022,≤100
6240652407,Young America's Foundation,YOUNG AMERICA'S FOUNDATION INC,≤100
65538457518,The Village Square,"TO THE VILLAGE SQUARE, INC.",≤100
349702751902673,Hereditary Angioedema Association - HAEA,HEREDITARY ANGIOEDEMA ASSOCIATION INC.,≤100
253507715172780,Andy Levin,ANDY LEVIN FOR CONGRESS,≤100
215199482635728,Alek Skarlatos,ALEK FOR OREGON,≤100
108285481862016,Save America,Complete Book About Your 2A Rights,≤100
383677738397139,Association for Accessible Medicines,Association for Accessible Medicines,≤100
100556721311277,Tina Cannon Utah,TINA CANNON FOR CONGRESS,≤100
102047517918,The Commonwealth Fund,"COMMONWEALTH FUND, THE",≤100
26006662641,Arizona Democratic Party,Arizona Democratic Party,≤100
648704588651914,March On,March On,≤100
101608999164818,Sigala For Assembly,Sigala For Assembly 2022,≤100
30618466815,Pacific Legal Foundation,Pacific Legal Foundation,≤100
1581819558516148,Nunn Bush,Weyco Group,≤100
155131494544162,"Center for the Study of White American Culture, Inc.",CENTER FOR THE STUDY OF WHITE AMERICAN CULTURE,≤100
115313960303691,The Tennessee Conservative,The Tennessee Conservative,≤100
378084314984,Trane Technologies,Trane Technologies,≤100
2052545021697932,Survivors Lead,Survivors Lead Action Fund,≤100
162244692732,Brennan Center for Justice at NYU Law,"WILLIAM J. BRENNAN CENTER FOR JUSTICE, INC.",≤100
728745887260738,Ben Queen,Friends of Ben Queen,≤100
128551641258085,Melanie Stansbury,Melanie For New Mexico,≤100
1679521432262834,Physicians Grassroots Network,American Medical Association,≤100
112912573793125,Rise Up for Justice,Avrom L Altman,≤100
106672632011808,George Radanovich for Senate,George for Senate 2022,≤100
126357934012,Allan Kittleman,ALLAN KITTLEMAN FRIENDS OF,≤100
1707823392631263,Josh Hoover,Hoover for Assembly 2022,≤100
108230237750093,Charter,"Charter Works, Inc.",≤100
113102696891789,The Feminista,The Feminista,≤100
102771262126107,Daniel Hertzberg for State Senate,Daniel Hertzberg for Senate 2022,≤100
312657362217994,Women's Heart Alliance,Women's Heart Alliance,≤100
2005385459692444,Daily Bread for the Radical Soul- A Maggie Phair Institute Project,Maggie Phair Institute For Democracy & Human Rights,≤100
928091877203916,Independent Women's Network,Independent Women's Network,≤100
138644937392,SEIU California,SEIU California,≤100
929412863860469,John Lee,Committee to Elect John Lee,≤100
8501031021,VoteVets.org,VOTEVETS,≤100
104103388944658,Yes on E for Excellent Milpitas Schools,Yes on E Committee for Excellent Milpitas Schools,≤100
101363868842332,Greg Zanetti for Governor,Committee To Elect Greg Zanetti,≤100
13867925345,Equality Florida,Equality Florida,≤100
210357995667559,The National Memo,The National Memo,≤100
571637419617796,Church News,These ads ran without a disclaimer,≤100
102033358602068,Jim Barnes,Jim Barnes for Sheriff 2022,≤100
500807353427258,Al Austin for Assembly 2022,Al Austin for State Assembly,≤100
104745299569161,National Indian Health Board,NATIONAL INDIAN HEALTH BOARD,≤100
2248641948741400,Indigenized Energy Initiative,EARTH ISLAND INSTITUTE INC,≤100
508887815910815,BPR,BizPac Review,≤100
314121315788033,Stand with Parkland,Stand With Parkland,≤100
131306317680000,Social Goods,"Social Goods, LLC",≤100
113626351223165,Joe Kerr for State Senate District 38,Joe Kerr for Senate 2022,≤100
100531408739695,Shervin Aazami for Congress - CA32,SHERVIN AAZAMI FOR CONGRESS,≤100
11234736860,McClintock for Congress,McClintock for Congress,≤100
102771646440276,Jesus Christ Savior by Beliefnet,"BN Media, LLC",≤100
272448910078392,Illinois Petroleum Resources Board,ILLINOIS PETROLEUM RESOURCES BOARD,≤100
189262227767934,Cultural Survival,"CULTURAL SURVIVAL, INC",≤100
118548500327,Billy Graham Evangelistic Association,BILLY GRAHAM EVANGELISTIC ASSOCIATION,≤100
79125112926,Students for Life of America,"STUDENTS FOR LIFE OF AMERICA, INC.",≤100
205004826813589,Бизнес-обучение в США / #maliktrip,These ads ran without a disclaimer,≤100
874662062886596,Sea Trees,Sustainable Surf,≤100
104492081369305,Ron Freitas,Ron Freitas for District Attorney 2022,≤100
102286035642350,Patriots for President Donald Trump,USA Features Media LLC,≤100
128334087241432,Todd Starnes,Starnes Media Group LLC,≤100
953410628170456,Allhealthgo,South Florida PBS,≤100
215653202574079,Future Majority,"Future Majority, Inc",≤100
102851832441142,Vote Schubert for Attorney General,Peace Officers Research Association of California (PORAC) Statewide Independent Expenditure Committee.,≤100
102413361895416,Jason Holloway,Jason Holloway Campaign,≤100
416384822549260,A Better Delaware,A Better Delaware,≤100
487569614682924,CAPP USA,Yellow Line Productions LLC,≤100
101564054951838,We The Forest,We The Forest,≤100
170169493012341,The Fund for Global Human Rights,FUND FOR GLOBAL HUMAN RIGHTS,≤100
113341457791145,Voices for Healthy Green Spaces,Voices for Healthy Green Spaces,≤100
104488918412763,Cabot Image Clear Ultrasound,Cabot Image Clear Ultrasound,≤100
330492688348614,Sign4DivestingMassachusetts,Sign 4 Divesting Ma,≤100
410825846009652,Commune,"Commune Media, Inc.",≤100
362556243875747,Dan Schwartz,Committee to Elect Dan Schwartz,≤100
104107788684988,Tom Klingenstein,TomKlingenstein.com,≤100
2030590757228019,Rev. Mark Creech,Mark Creech,≤100
33699882778,Dr. Bronner's,Dr. Bronner's,≤100
300476911222,Middlesex County Democratic Organization,Scott for Sheriff and Middlesex Dems 2022,≤100
107454490912636,Jewish Future Pledge,Jewish Future Pledge Inc,≤100
148283301869985,Many Hopes,ONE HOME MANY HOPES INC,≤100
102931712420431,Realtors for Steel,National Association of REALTORS®,≤100
115149361204889,Conservatives United,Carter Michael Hughes,≤100
102613045636211,Staci Berger for Piscataway Council,Staci Berger for Piscataway Council,≤100
103686135040773,Ryan Pereira for New Bedford,Pereira Committee,≤100
201446296572389,Compassion in World Farming (USA),Compassion in World Farming Inc,≤100
104752248405183,CAVPAC,Champion American Values PAC,≤100
561970593860027,Emil Guillermo Media,Emil Amok Guillermo,≤100
70795936969,Children International,CHILDREN INTERNATIONAL,≤100
244246108956898,San Diego Democrats for Equality,San Diego Democratic Club - State,≤100
312870062895448,StateThugs,StateThugs.com,≤100
215830238462422,The LIBRE Initiative,The Libre Initiative,≤100
313723095478950,The Daily Citizen,Focus on the Family,≤100
271680110244621,Jeff Dotseth for State Representative MN,Dotseth Volunteer Committee,≤100
203197030603239,8 Billion Trees,8 Billion Trees LLC,≤100
59826489083,SELC,SOUTHERN ENVIRONMENTAL LAW CENTER,≤100
290219498590312,Michael LaPierre for U.S. House,LaPierre for House,≤100
111015066990423,Central Valley Taxpayers Association,Central Valley Taxpayers Association,≤100
221416561801,Thomas B. Fordham Institute,Thomas B. Fordham Institute,≤100
214061167976,El Tiempo Latino,Center for Community Change Action,≤100
42590232694,CAIR,"CAIR-FOUNDATION, INC.",≤100
177821655601210,Emgage,"EMGAGE ACTION, INC.",≤100
279890513018,Islamic Networks Group - ING,"ISLAMIC NETWORKS, INC.",≤100
544741092252764,Congressman Jason Smith,Congressman Jason Smith,≤100
114483080839796,Colossal Biosciences,Colossal Biosciences,≤100
138858835750,New Jersey Democratic State Committee,New Jersey Democratic State Committee,≤100
230201093693895,Betsy Johnson,Run Betsy Run,≤100
407902639235640,JNS.org,Jewish News Syndicate,≤100
655374504522811,"Pamela Price, Alameda County District Attorney Candidate","Pamela Price for Alameda County DA 2022, FPPC #1395288",≤100
102559175705300,Wake Up the Sleeping Giant,Michael Scott Hughes,≤100
266344180585578,Jim Jordan for Congress,JIM JORDAN FOR CONGRESS,≤100
109303271538720,Mary Todd for Congress,MARY TODD FOR MONTANA,≤100
1191336950894416,City of Carlsbad NM Government,Social Media Manager,≤100
34345791496,Orphan Relief and Rescue,Orphan Relief and Rescue,≤100
111168651583680,Brian Schroeder,Schroeder for Wyoming,≤100
107045481930055,Jared Moskowitz for Congress,Jared Moskowitz for Congress,≤100
102230832417011,Reena for New Mexico,Reena for New Mexico,≤100
106058287863062,Turn Oakland County Green,Turn Oakland County Green,≤100
103872295082295,Kyra's Champions,Kyra's Champions,≤100
105504345405556,Michael Cassidy for Congress,COMMITTEE TO ELECT MICHAEL CASSIDY,≤100
102252122442327,House On Fire,The CLEO Institute,≤100
30437677949,Adventure Cycling Association,ADVENTURE CYCLING ASSOCIATION,≤100
163202650462603,Doug LaMalfa,DOUG LAMALFA COMMITTEE,≤100
106926408261032,Battleground South,Battleground South,≤100
101418125746564,Lori D. Wilson,Lori Wilson for Assembly 2022,≤100
89757739264,Farm Credit,Farm Credit Council,≤100
287477271319818,Peter Welch,Welch for Vermont,≤100
106058025408954,Do No Harm Medicine,Do No Harm,≤100
46347342434,EMILY's List,EMILY'S LIST,≤100
83865976093,Truthout,TRUTHOUT,≤100
108997885106909,Chip in America,Chip In America LLC,≤100
1438808983108348,BOLD PAC,CHC BOLD PAC,≤100
429794970538894,JobsOhio,JobsOhio,≤100
264567480852,Honor and Remember - Official Page,"HONOR AND REMEMBER, INC.",≤100
254943996005,Catholic Answers,"CATHOLIC ANSWERS, INC.",≤100
386111911530871,Eddie Geller,EDDIE GELLER FOR CONGRESS,≤100
1163811040367180,Food & Water Action,FOOD & WATER ACTION,≤100
107309208216087,LedeProgress,Lede Progress,≤100
989265834456558,Representative Leo Biasiucci State of Arizona District 30,Leonard Andrew Biasiucci,≤100
106546698672430,"Safe, Strong Torrance",Safe Strong Torrance Yes on SST,≤100
15503839732,Peter G. Peterson Foundation,Peter G. Peterson Foundation,≤100
12418921421,SEMA,Specialty Equipment Market Association,≤100
6225522279,Marcy Kaptur,KAPTUR FOR CONGRESS,≤100
1404888666493762,Darin LaHood,Darin LaHood for Congress,≤100
101597958785421,Erik Aadland,AADLAND FOR SENATE,≤100
201715813977600,Nikki Fried,"Nikki Fried, Democrat, for Governor",≤100
108433238844,CWEB,CWEB Inc.,≤100
112740955502846,SOF Missions,These ads ran without a disclaimer,≤100
192738164073627,A Better Balance,A BETTER BALANCE,≤100
287177021453683,Kevin Muldoon,MULDOON FOR SUPERVISOR,≤100
103930738317644,Derek Marshall for Congress,DEREK MARSHALL FOR CONGRESS,≤100
114427505917967,California Center on Teaching Careers,California Center of Teaching Careers,≤100
747436915270894,Congressional Leadership Fund,CONGRESSIONAL LEADERSHIP FUND,≤100
348322285305805,Nye County Commissioner Leo Blundo,COMMITTEE TO ELECT LEO BLUNDO,≤100
117214891638398,Street Grace,Street Grace Inc,≤100
108966328194416,Save America,Defending Liberty LLC,≤100
82238028724,Road Runner Sports,These ads ran without a disclaimer,≤100
10745509014,The Dream Center,Dream Center Foundation,≤100
97624620788,American Friends of Magen David Adom,AMERICAN FRIENDS OF MAGEN DAVID ADOM,≤100
102420431749179,Raging Americans,Tomer Barazani,≤100
1747132688647028,Democratic Association of Secretaries of State,Democratic Association of Secretaries of State,≤100
102362435427686,OnlySky,Only Sky Media Inc.,≤100
173470656019870,The Daily Yonder,CENTER FOR RURAL STRATEGIES,≤100
546066468753446,Black Health Matters,BLACK HEALTH MATTERS FOUNDATION INC,≤100
1731458707172809,Charters for Change,Elevate Chicago,≤100
424443217623488,Clarion Project,"CLARION PROJECT, INC.",≤100
100537089311344,Catalyst Housing Group,Catalyst Housing Group,≤100
102204903345,The Vilcek Foundation,"VILCEK FOUNDATION, INC., THE",≤100
165674110118949,Clearing out the Clutter,Colin D Moore,≤100
471807299594493,Mark Meuser for U.S. Senate,MARK MEUSER FOR U.S. SENATE,≤100
1400772006635782,Josh Harder,JOSH HARDER FOR CONGRESS,≤100
7427054686,Secular Student Alliance,SECULAR STUDENT ALLIANCE,≤100
117390304991592,Richard Duncan: Economics in the Age of Paper Money,Target Marketing Digital LLC,≤100
139062085972,Illinois Family Institute,"ILLINOIS FAMILY INSTITUTE, THE INC",≤100
753777097992228,Liberty Hill Publishing,Liberty Hill Publishing,≤100
109467094912730,No Way Greenway 2022,No Way Greenway,≤100
100732468755666,Mia For Assembly,MIA LIVAS PORTER FOR ASSEMBLY 2022,≤100
78420171887,Sailors for the Sea,OCEANA INC,≤100
90022052772,Williams,"WILLIAMS COMPANIES, INC., THE",≤100
386305465057247,Liberty Nation,Liberty Nation,≤100
218566214841042,3M,3M COMPANY,≤100
102058879152281,Democratic Messaging Project,Democratic Messaging Project,≤100
104396194587918,C3 Solutions,Conservative Coalition for Climate Solutions,≤100
260754507296508,The Voter Participation Center,Voter Participation Center,≤100
518194348194441,RepresentUs,RepresentUs,≤100
1412651415412110,Congresswoman Pramila Jayapal,Office of Representative Pramila Jayapal,≤100
100803378829038,Patriotic American,Americans Patriot,≤100
674182529399211,Gun Owners Radio,Gun Owners Media LLC,≤100
6333396177,NewsBusters.org,MEDIA RESEARCH CENTER,≤100
128103650601995,The Conservative Caucus,CONSERVATIVE CAUCUS INC,≤100
1530580173871992,Art Kaskanian - Gardena City Council,Art Kaskanian for Council 2022,≤100
1131283233717873,Patriots For Trump,Jordan Ray Riddle,≤100
210063369158387,DomesticShelters.org,Theresa's Fund,≤100
108817018412144,Best For Vets,Complete Book About Your 2A Rights,≤100
1341543769290478,Kathy Manning,Kathy Manning for Congress,≤100
64206021703,National Committee to Preserve Social Security and Medicare,NATIONAL COMMITTE TO PRESERVE SOCIAL SECURITY AND MEDICARE,≤100
312168682119,The Commonwealth Institute For Fiscal Analysis,"COMMONWEALTH INSTITUTE FOR FISCAL ANALYSIS, THE",≤100
104482412160909,Jason Stone for Judge,Stone for Judge 2022,≤100
147368882623027,Black Futures Lab,Black Futures Lab,≤100
103510721077820,Christina Bohannan for Iowa,Christina Bohannan for Congress,≤100
314853454314,UNITED SIKHS,These ads ran without a disclaimer,≤100
355783211719644,Veteran Caregivers of America,"Veteran Caregivers, LLC",≤100
182239201817857,Franklin Park Democrats,These ads ran without a disclaimer,≤100
322870825821,Macmillan Audio,"HOLTZBRINCK PUBLISHERS, LLC",≤100
109178105053488,Friends of Carrie Blumert,These ads ran without a disclaimer,≤100
441242156439675,Jessica Cisneros,Jessica Cisneros for Congress,≤100
111237577031486,AquiPor Technologies,"Aquipor Technologies, Inc.",≤100
169042736456594,All Out,All Out Action Fund.,≤100
120778038066631,EveryLibrary,EveryLibrary,≤100
89336510798,American Friends of the Hebrew University,American Friends of Hebrew University,≤100
79743808136,NAIS -- National Association of Independent Schools,"NATIONAL ASSOCIATION OF INDEPENDENT SCHOOLS, INC.",≤100
393795797388359,FOUR PAWS,FOUR PAWS INTERNATIONAL INC,≤100
339432396135584,The Exodus Road,The Exodus Road,≤100
1219895884702640,Popcorn for the People,LET'S WORK FOR GOOD,≤100
173866611160,United Spinal Association,"UNITED SPINAL ASSOCIATION, INC.",≤100
308353252483,Kristi Noem,Kristi for Governor,≤100
1570082353262795,YIMBY Action,YIMBY ACTION,≤100
110208974471004,J Slay USA,JSlay USA,≤100
24982445498,"ProQuest, Part of Clarivate",PROQUEST LLC,≤100
101865688072306,XtremeAg.farm,These ads ran without a disclaimer,≤100
106582544906565,Maine Affordable Energy,Maine Affordable Energy,≤100
115050083954556,Faisal Gill for Los Angeles City Attorney,Faisal Gill for Los Angeles City Attorney,≤100
1382441768496365,Pentair,PENTAIR,≤100
381578445243960,Kristan Hawkins,"STUDENTS FOR LIFE OF AMERICA, INC.",≤100
110484048228624,The Phrygian Cap,Defending Freedom LLC,≤100
1256218774533782,Braven Environmental,Braven Environmental,≤100
105851068554458,Louis Gill for Supervisor,Gill for Supervisor,≤100
380884168648080,Population Research Institute,POPULATION RESEARCH INSTITUTE,≤100
485980975070908,Abigail Spanberger,SPANBERGER FOR CONGRESS,≤100
497348647140658,Point Source Youth,Point Source Youth,≤100
524399207959953,Truth & Liberty Coalition,Truth & Liberty Coalition,≤100
330229664373687,Live to Give,"LV2GV, LLC",≤100
103482538845527,The Blue State Conservative,Home of the Brave Media LLC,≤100
104858688010432,No Left Turn in Education,No Left Turn in Education,≤100
270826723039149,The Coalition to Protect Americas National Parks,"COALITION OF NATIONAL PARK SERVICE RETIREES, INC.",≤100
395116880560218,ActiveBeat,These ads ran without a disclaimer,≤100
109748660821862,The Los Angeles Alliance For Human Rights,LA Alliance for Human Rights,≤100
12128466831,Amazon Watch,"AMAZON WATCH, INC.",≤100
182620315479,Plan International USA,Plan International USA,≤100
107698564046392,Lauren Boebert for Congress,LAUREN BOEBERT FOR CONGRESS,≤100
168111207046729,The Field's Edge,FIELDS EDGE,≤100
1817609761794947,Santa Cruz County Greenway,Santa Cruz County Greenway,≤100
1639114853033755,Diane Papan,Diane Papan for Assembly 2022,≤100
111464544881905,America First News,Tomer Barazani,≤100
109976775025508,Fair Share for Massachusetts,RAISE UP MASSACHUSETTS 2022,≤100
278434943062355,WellBeing International,"WellBeing International, Inc.",≤100
87377228013,Side with Love,UNITARIAN UNIVERSALIST ASSOCIATION,≤100
101757955295476,Restore The NRA,Restore the NRA,≤100
461530314600399,Common Sense American Politics,Common Sense American Politics,≤100
205795426669644,Facts and Logic about the Middle East,Facts and Logic About the Middle East,≤100
226999127329906,New York Immigration Lawyer,Alena Shautsova,≤100
1024984580892392,Josh Gottheimer for Congress,JOSH GOTTHEIMER FOR CONGRESS,≤100
110664767734423,The Slave Scheme - Eric Krantz,Jane E Krantz,≤100
126817605260,Bold Type Books,"Hachette Book Group, Inc.",≤100
102979952395393,Joe McFadden for School Board,Joe Mcfadden,≤100
1419181621637713,Mary Kay Henry,SEIU,≤100
101505188249101,ExtendedSession,ExtendedSession LLC,≤100
75608370019,United States Institute of Peace,UNITED STATES INSTITUTE OF PEACE,≤100
6502038524,First Book,FIRST BOOK,≤100
306480006853271,Political-Paige.com BLOG,Political-Paige.com,≤100
118502801658228,Young Kim,Young Kim for Congress,≤100
100484735718366,The Coalition for Carolina,Coalition for Carolina,≤100
858210161010020,Tom Malinowski for Congress,TOM MALINOWSKI FOR CONGRESS,≤100
7515233409,"Mikey Weinstein, MRFF",MILITARY RELIGIOUS FREEDOM FOUNDATION,≤100
664883053648633,Italian Sons and Daughters of America,ITALIAN SONS & DAUGHTERS OF AMERICA INC,≤100
712047799634166,Rene For Portland,Rene for Portland,≤100
244340776313,VegFund,VegFund Inc,≤100
21090771700,Gun Owners of America,Gun Owners of America,≤100
106769995305248,Karen Whitlock for HD 39,Karen Whitlock for HD39,≤100
133937690180,Student Conservation Association,Student Conservation Association,≤100
107816471722646,Carolina Chavez for Chula Vista City Council,Carolina Chavez for Chula Vista City Council 2022 |,≤100
232201568659,Pacific Justice Institute,PACIFIC JUSTICE INSTITUTE,≤100
312087222175938,Southeast Texas Record,The Record,≤100
261319066080,Americans for Prosperity - Ohio,AMERICANS FOR PROSPERITY,≤100
108241614827115,Elizabeth Chien-Hale For San Jose City Council,Elizabeth Chien-Hale for San Jose City Council,≤100
143677396827,SAMHSA Minority Fellowship Program at ANA,"American Nurses Association, Inc.",≤100
19420215926,CNSNews.com,MEDIA RESEARCH CENTER,≤100
111904024679959,Bold Majority,BOLD MAJORITY PAC,≤100
295644160460352,Donald Trump Jr.,Blue Pack Marketing,≤100
104107455066450,Russell Cohen on public policy,Howard Russell Cohen,≤100
242845139551348,GVPedia,GVPEDIA INC,≤100
108883868335100,Analise Ortiz for the Arizona House of Representatives,Paid for by Analise Ortiz for Arizona. Authorized by Analise Ortiz.,≤100
86141702716,Pasado's Safe Haven,PASADOS SAFE HAVEN,≤100
674093346356017,Senator Jen Kiggans,KIGGANS FOR CONGRESS,≤100
778623209165752,Media Right,Media Right News,≤100
202200909969136,Diane Dixon,Diane Dixon for Assembly 2022,≤100
331037760381749,Sierra Magazine,SIERRA CLUB,≤100
481331019059116,The Published Reporter,The Published Reporter,≤100
108155598473433,American Patriot News,Michael Scott Hughes,≤100
88858633879,Beyond Pesticides,BEYOND PESTICIDES,≤100
17382403969,"The Lesbian, Gay, Bisexual & Transgender Community Center","LESBIAN & GAY COMMUNITY SERVICES CENTER, INC.",≤100
103382901323559,Rick Chavez Zbur,Rick Chavez Zbur For Assembly 2022,≤100
221401431386940,Pramila Jayapal,PRAMILA FOR CONGRESS,≤100
111485481421479,Donna Edwards,DONNA EDWARDS 4 CONGRESS,≤100
61504497057,Children's Hospital New Orleans,"LCMC HEALTH HOLDINGS, INC.",≤100
217187838327836,The Story Exchange,The Story Exchange Foundation,≤100
182200225145953,Damon Connolly,Damon Connolly for Assembly 2022,≤100
1901680473396407,Assemblymember Eloise Gómez Reyes,Assemblymember Eloise Reyes,≤100
107010494015560,Virginians for Clean Energy,270 Strategies,≤100
138492335404,Scott Walker,FORWARD USA FEDERAL POLITICAL ACTION COMMITTEE,≤100
98912141410,American Forests,American Forests,≤100
19342050934,Leadership Institute,LEADERSHIP INSTITUTE INC,≤100
102167902428325,Alameda Forward,Alameda Forward - Yes on B 2022,≤100
135136843854946,Abdelnasser Rashid,RASHID FOR ILLINOIS,≤100
1778815462139841,"Elizabeth Nelson, Democrat for Ann Arbor",Committee to Elect Elizabeth Nelson,≤100
486692914677381,Jeff Prang,Jeffrey Prang for Assessor 2022,≤100
10803722213,Common Cause,COMMON CAUSE,≤100
118635175464489,uPolitics,"Uinterview, Inc.",≤100
103433795554460,America First,The Boswell Project,≤100
1599237673639735,Change Media Group,Change Media Group,≤100
34440108608,Net Impact,NET IMPACT,≤100
1682876188698809,United for Respect,United for Respect,≤100
104253615152700,America First Legal,America First Legal Foundation,≤100
103292801078614,Given No Choice: A History of Abortion Rights,Cody Patrick Mcdevitt,≤100
112840904238615,Perry Paylor for Montgomery County State's Attorney,Friends of Perry Paylor,≤100
138421929515650,Delaware Republican Party,REPUBLICAN STATE COMMITTEE OF DELAWARE,≤100
18017481462,Acton Institute,Acton Institute,≤100
168876449866088,The Years Project,THE YEARS PROJECT,≤100
220873174076,Animal Equality,ANIMAL EQUALITY,≤100
11602044174,Independent Women's Forum,Independent Women's Forum,≤100
216069038487059,"The Nature Conservancy, Hawaii and Palmyra",NATURE CONSERVANCY,≤100
282728185140429,Rep For Vets,The Rep For Vets,≤100
141928212544793,Toptal,These ads ran without a disclaimer,≤100
208358979287542,"Representative Sebastian ""Seabass"" Ertelt","Representative Seabastian ""Seabass"" Ertelt",≤100
215318905960,Democratic Party of Orange County,Democratic Party of Orange County,≤100
372577693078008,"Saenz-Garcia Law, PLLC","Saenz-Garcia Law, PLLC",≤100
999775873528189,Stopping Socialism,The Heartland Institute,≤100
36091862898,The Mackinac Center for Public Policy,Mackinac Center for Public Policy,≤100
181043537365438,Brian Scott for Pinellas County Commission,"Brian Scott, Republican, for Pinellas County Commissioner.",≤100
123624513983,The Western Journal,The Western Journal,≤100
173266720288435,Galan Law Firm,Galan Law Firm PLLC,≤100
102961088866702,Sarah Klee Hood NY,Sarah Klee Hood For NY,≤100
32682889528,U.S. Chamber of Commerce,The U.S. Chamber of Commerce,≤100
331069170753868,Mary for Illinois,Mary for Illinois,≤100
54820342268,National Association of Secondary School Principals (NASSP),NATIONAL ASSOCIATION OF SECONDARY SCHOOL PRINCIPALS,≤100
1666922183524165,ReThink Energy NJ,ReThink Energy NJ,≤100
101534632575772,MAGA Alerts,Carter Michael Hughes,≤100
1534290989956166,The Philanthropy Roundtable,"PHILANTHROPY ROUNDTABLE, THE",≤100
60261764250,Childhelp,"CHILDHELP, INC.",≤100
100349018659045,Norie For Mission Mayor,Norie For Mission,≤100
554230608384161,Smart Again,Todd Christopher Henry,≤100
1415123042072601,"Rich Ford for County of Lake, Assessor-Recorder",Committee to Elect Rich Ford Assessor Recorder 2022,≤100
11006419356,The Voice of the Martyrs - USA,"VOICE OF THE MARTYRS, INC., THE",≤100
532667236789883,Shoebear Planet,Dennis I Waters,≤100
106959920878115,The Well Done Foundation,"WELL DONE FOUNDATION, INC.",≤100
427656937297996,Diario Las Americas,LAS AMERICAS MULTIMEDIA GROUP LLC,≤100
104707108563822,RM Offcial USA,The Red Mafia,≤100
109607354644430,Kevin Hamm for PSC,Kevin Hamm for PSC,≤100
127187187348820,Kaspersky,These ads ran without a disclaimer,≤100
108108121456950,Blue States PAC,BLUE STATES PAC,≤100
433919203362871,Bird + Stone,BIRD & STONE INC,≤100
105793628612123,Alysse Castro for Alameda County Superintendent of Schools,"Alysse Castro for Alameda County Superintendent of Schools 2022, FPPC #1442206",≤100
104151054899518,ACLU California Action,ACLU California Action,≤100
107356708329311,Liberty Lover News,William Gordan Tanner,≤100
102895265681616,Mike 4 California AD 68 - 2022,9 EI9TH ST MICHAEL JAMES,≤100
127908167292274,Center for Urban Renewal and Education,Center for Urban Renewal and Education,≤100
59543893235,National Constitution Center,National Constitution Center,≤100
131446314153723,Smalldose,These ads ran without a disclaimer,≤100
284276275725119,Family Friendly Action Fund,Family Friendly Action Fund,≤100
67945990059,The American Petroleum Institute,The American Petroleum Institute,≤100
105911137978626,Sawyer Smith for Stoddard County Prosecuting Attorney,Citizens for Sawyer Smith,≤100
108517938087585,American Values Coalition,American Values Project,≤100
287011828006562,Nashville Tea Party,Nashville Tea Party,≤100
168109446538119,St. Martin's Press,Macmillan Publishing,≤100
103531607822207,Noticias para Inmigrantes,"Wise Rock Media, PBC",≤100
112600915451330,No Labels,No Labels,≤100
192609620649,The University of Chicago,The University of Chicago,≤100
107258967691080,Red Brennan Group,The Red Brennan Group Political Action Committee,≤100
112090581475514,Nevada Rising,Nevada Rising PAC,≤100
1001615463272722,Biosimilars Council,The Biosimilars Council,≤100
780941275347834,Ilhan Omar,THE SQUAD VICTORY FUND,≤100
103676195549866,Jessica Goodey for Judge,Committee to Elect Jessica Goodey,≤100
406253802918825,Lauren Book,Lauren Book for State Senate 2022,≤100
226132978839353,Ask Shelli The Podcast,"Gemstone Consulting, LLC",≤100
103709778757084,The American Way,American Refi Help,≤100
82223469060,ACN - Aid to the Church in Need,"AID TO THE CHURCH IN NEED, INC.",≤100
101434055512783,Karoline Leavitt,Karoline for Congress,≤100
105298948314140,Faith Always Works,These ads ran without a disclaimer,≤100
80770833881,Eagles' Wings,ROBERT STEARNS INTERNATIONAL INC,≤100
110601798298544,The Active Citizens,Robert Wolfgang Delaplain,≤100
11918108948,African Wildlife Foundation,AFRICAN WILDLIFE FOUNDATION,≤100
1503209653245721,Andres Quintero,Andres Quintero for City Council D5 2022 FPPC# 1442693,≤100
106335427833902,Shebreh Kalantari-Johnson for Santa Cruz County Supervisor,Shebreh Kalantari-Johnson for Santa Cruz City Council 2020,≤100
161177032727,City of San Antonio - Municipal Government,City of San Antonio,≤100
143839132401339,Lori Saine for Freedom,LORI FOR FREEDOM,≤100
1935830523369920,Ricardo Lara,Ricardo Lara for Insurance Commissioner 2022,≤100
1907921789531594,The History of Black Philadelphia,Gregory L Johnson,≤100
1492673654369368,Dr Scott Jensen,Dr Scott Jensen for Governor,≤100
558416317525208,For the Many,For the Many,≤100
210937299260017,USA Features Media,USA Features Media LLC,≤100
340645001925,San Diego County Democratic Party,San Diego County Democratic Party,≤100
100692068471118,Explain America,Apse Media LLC,≤100
217569858071,Areva Martin,The Areva Martin Corporation,≤100
101064782514332,Free and Fair Elections USA,Free and Fair Elections USA,≤100
100913694925880,"Akalan Law Firm, PLLC","Akalan Law Firm, PLLC",≤100
136126341809,American Bird Conservancy,AMERICAN BIRD CONSERVANCY,≤100
103929304678916,Voter Action Project,Integrity First Voter Action Project,≤100
166935370075867,Senator Brian Dahle,Brian Dahle for Governor 2022,≤100
209215269640266,Infinite Zion Farms,These ads ran without a disclaimer,≤100
152264148166020,Moms Clean Air Force,Moms Clean Air Force,≤100
38882699096,Polaris,Polaris with Facebook Ad Credits,≤100
6781166087,Bob Casey,BOB CASEY FOR SENATE INC,≤100
1017445005125219,Goobuybuy,These ads ran without a disclaimer,≤100
101164222515632,The Hopeful Realist,The Hopeful Realist,≤100
1560286300899883,Diabetes Patient Advocacy Coalition,Diabetes Patient Advocacy Coalition,≤100
8783725165,Build-A-Bear Workshop,These ads ran without a disclaimer,≤100
148337431855825,Houghton Mifflin Harcourt,Houghton Mifflin Harcourt,≤100
367292494407,AJC - American Jewish Committee,These ads ran without a disclaimer,≤100
130945114804,World Jewish Congress,WORLD JEWISH CONGRESS AMERICAN SECTION INC,≤100
203550842430,Mike Lee,FRIENDS OF MIKE LEE INC,≤100
106114612028300,Steven Bailey for Senate,Judge Steven Bailey for State Senate 2022,≤100
1376465702586897,Coloradans for Responsible Energy Development,Coloradans for Responsible Energy Development,≤100
100429405881310,Conservative Americans,The Boswell Project,≤100
103836648482530,Compass Rose International,GLOBAL ORPHAN PREVENTION,≤100
163684173651518,SEIU Local 2015,SEIU LOCAL 2015,≤100
133931303345903,Zach Klein,Klein Committee,≤100
143063095713907,Hep,"CDM PUBLISHING, LLC",≤100
628891490457484,Nancy Mace,NANCY MACE FOR CONGRESS,≤100
153278754738777,Climate Reality,The Climate Reality Project,≤100
124115965454,Cornerstone Action,Cornerstone Action,≤100
104057485639210,Connie Leyva Doesn't Listen,California Real Estate Independent Expenditure Committee – California Association of REALTORS®. Not authorized by a candidate or a committee controlled by a candidate.,≤100
293225127381200,Patriot Depot,The Patriot Depot,≤100
1425435377743310,Conversations with Bill Kristol,FOUNDATION FOR CONSTITUTI,≤100
104346848852122,Al Hodges for Greenville County Treasurer,Al Hodges for Greenville County Treasurer,≤100
305643856459460,Burgess Owens,Burgess 4 Utah,≤100
102047708815195,The Putting Moms First Project,Hannah Marie Ming,≤100
22057337060,Emerge,Emerge America,≤100
108456245167527,Joaquín Beltrán for Congress,JOAQUIN BELTRAN FOR CONGRESS,≤100
1424939337821370,Rachel Wahba Writer,Rachel Wahba,≤100
6355071377,American Cancer Society Cancer Action Network - ACS CAN,AMERICAN CANCER SOCIETY CANCER ACTION NETWORK INC,≤100
194424900708583,Tony Madrigal,Madrigal for Supervisor 2022,≤100
101328427993014,I'm Just Me,"FOREVER ME, LLC",≤100
97493741436,John W. Hickenlooper,HICKENLOOPER FOR COLORADO,≤100
89855016270,National Conference of State Legislatures,National Conference of State Legislatures,≤100
32975139631,If Americans Knew,If Americans Knew,≤100
226612094569861,The Conservative Read,The Conservative Read,≤100
101204378825808,Fight the Right,FIGHT THE RIGHT PAC,≤100
609926319458332,Rep. Dean Phillips,Representative Dean Phillips,≤100
330913244022724,NJ Education Report,"NJ Education Report, a platform of brightbeam, inc.",≤100
102459711431164,Center for Voter Information,Center For Voter Information,≤100
28446275521,Military Officers Association of America (MOAA),Military Officers Association of America,≤100
156994304362574,American Bridge 21st Century,AMERICAN BRIDGE 21ST CENTURY,≤100
105348224679358,Don't Unfriend Me,Matthew Owen Speer,≤100
304842759546695,Brooklyn Institute for Social Research,Brooklyn Institute for Social Research,≤100
129508010449603,"Digital Agent, LLC",These ads ran without a disclaimer,≤100
147126507164,ACTwireless,ACTwireless,≤100
165566613453452,ERLC,ETHICS AND RELIGIOUS LIBERTY COMMISSION OF THE SOUTHERN BAPTIST,≤100
399067003454888,Sudan Relief Fund,Sudan Relief Fund Inc,≤100
386280348647138,Rebecca Parson,REBECCA PARSON 2020,≤100
286999398309679,Enel Green Power,"Enel North America, Inc.",≤100
97466887664,Innocence Project,"INNOCENCE PROJECT, INC., THE",≤100
122632207797666,David Alvarez,David Alvarez for Assembly 2022 Special Election,≤100
102772292126104,Desi Cuellar,CUELLAR FOR NEW YORK,≤100
236369846383459,Congressional Black Caucus PAC,CONGRESSIONAL BLACK CAUCUS PAC,≤100
113672614644790,"Yes on A for Marin Parks, Open Space and Farmland",Marin Measure A 2022,≤100
105190788730053,DC Swamp,Carter Michael Hughes,≤100