﻿Page ID,Page name,Disclaimer,Amount spent (USD)
129942417030331,Mendelson For Chairman,Mendelson for Chairman 2022,1374
100778738384807,HIV and Hepatitis Policy Institute,HIV and Hepatitis Policy Institute,1165
172758932738142,PhRMA,PHARMACEUTICAL RESEARCH AND MANUFACTURERS OF AMERICA,824
104471748684381,Robert White,Robert for DC,557
309308412520731,Sandy Hook Promise,Sandy Hook Promise,418
106244251043808,America's Plastic Makers,"AMERICAN CHEMISTRY COUNCIL, INC.",353
105880938523819,Erin Palmer for DC Council Chairwoman,Erin For DC,347
189802494962693,Team Muriel DC,REELECT MURIEL BOWSER OUR MAYOR 2022,331
102962005756187,Briannefordc,Brianne for DC 2022,307
65364914445,Oklahoma Council of Public Affairs,"OKLAHOMA COUNCIL OF PUBLIC AFFAIRS, INC.",248
11791104453,NRDC,Natural Resources Defense Council,225
102679655687593,Tricia Duncan for Ward 3,Tricia Duncan for Ward 3 Council,212
602714436529710,End Citizens United,END CITIZENS UNITED,204
147928564052997,Zachary For Ward 5,Friends of Zachary Parker 2022,181
105123022106977,Ben Bergmann for Ward 3,Ben for Ward 3,159
110684474130074,People for Opportunity,"People for Opportunity, Inc.",159
104981742027033,Sabel For DC Council Ward 1,Committee to elect Sabel Harris,137
342294162453301,Planned Parenthood,Planned Parenthood Federation of America,129
299405436754707,FP1 Strategies,FP1 Strategies,110
24330467048,Americans for Prosperity,AMERICANS FOR PROSPERITY,107
104447088162443,Choose Healthy Life,Choose Healthy Life,≤100
109362125017984,Salah Czapary for Ward 1,Committee to Elect Salah V Czapary,≤100
180442272160734,Nate Fleming for DC Council At-Large,Committee to Elect Nate Fleming,≤100
279602905840365,Bipartisan Policy Center Action,BPC Action,≤100
18983389920,Open Society Foundations,Open Society Foundations,≤100
100707085980943,Eric Goulet for DC Council Ward 3,Eric for Ward 3,≤100
103798942337082,Monte Monash for DC Council Ward 3,Friends of Monte for Ward 3,≤100
120945717945722,Uber,Uber,≤100
1844798745753870,PagoJusto: Abogados de Derechos Laborales,Law Office of Justin Zelikovitz PLLC,≤100
106470774923973,Nomi Health,"Nomi Health, Inc.",≤100
96935476345,Democratic Governors Association (DGA),"Democratic Action, democraticgovernors.org, not authorized by any candidate or candidate's committee.",≤100
1725148701106705,AmeriHealth Caritas District of Columbia,ROIG Communications,≤100
18813753280,Human Rights Campaign,"HUMAN RIGHTS CAMPAIGN, INC",≤100
103129358845477,Lisa Gore for DC Council At-Large,Friends of Lisa Gore,≤100
6236054211,Brady: United Against Gun Violence,Brady Campaign to Prevent Gun Violence,≤100
2005593623024412,adidas,"ADIDAS AMERICA, INC.",≤100
109111900634787,Reverend Raphael Warnock,WARNOCK FOR GEORGIA,≤100
8210266638,93.9 WKYS,Urban1,≤100
18982436812,ACLU,American Civil Liberties Union,≤100
206238602739505,Taxpayers Protection Alliance,Taxpayers Protection Alliance,≤100
197908256931216,Tim Ryan,TIM RYAN FOR OHIO,≤100
134498556891640,Val Demings,Val Demings for U.S. Senate,≤100
185886644779524,Public Service Commission of the District of Columbia,Public Service Commission of the District of Columbia,≤100
102391291904684,Marcus Flowers For Congress,Marcus Flowers for Congress,≤100
8127889355,Americans for Tax Reform,AMERICANS FOR TAX REFORM,≤100
1576601102589852,Glenn Ivey,GLENN IVEY FOR CONGRESS 2022,≤100
309798029121030,Everytown for Gun Safety,Everytown for Gun Safety Action Fund Inc,≤100
159162680779552,D.C. Department of Consumer and Regulatory Affairs,Department of Consumer and Regulatory Affairs,≤100
104419475285342,Common Sense Leadership Fund,Common Sense Leadership Fund Inc.,≤100
72092591211,FBI – Federal Bureau of Investigation,Federal Bureau of Investigation,≤100
102964795715686,Matthew Frumin for Ward 3,Frumin for Ward 3,≤100
54310679625,Alliance for Justice,ALLIANCE FOR JUSTICE,≤100
215653202574079,Future Majority,"Future Majority, Inc",≤100
679171239164792,Supermajority,Supermajority,≤100
223055747744143,Beto O'Rourke,Beto for Texas,≤100
12375354406,USO,United Service Organizations,≤100
105175422857231,Association of American Railroads,ASSOCIATION OF AMERICAN RAILROADS,≤100
2010946745801079,Jainforgov,Friends of Ashwani Jain,≤100
1869687273277265,Run for Something,Run For Something PAC,≤100
103171994635775,Angela Alsobrooks,Friends of Angela Alsobrooks,≤100
105082297816983,Center for Truth in Science,Center for Truth in Science,≤100
121268821249550,World Central Kitchen,World Central Kitchen,≤100
228754857151053,House Majority PAC,House Majority PAC,≤100
1435071773455316,Daily Wire,The Daily Wire,≤100
570092813023833,Matt Walsh,The Daily Wire,≤100
6514736316,Walden University,Walden University,≤100
533987556776948,Campaign for Sustainable Rx Pricing,Campaign for Sustainable Rx Pricing,≤100
87186661244,Johns Hopkins Bloomberg School of Public Health,Johns Hopkins Bloomberg School of Public Health,≤100
100348899373378,Faith Gibson Hubbard For Ward 5 DC,Faith for Ward 5 2022,≤100
27544763621,Prison Fellowship,Prison Fellowship,≤100
18780321251,American Chemistry,American Chemistry Council,≤100
428821014132730,Katie Porter,Katie Porter For Congress,≤100
104544891560230,Prolegis,Prolegis LLC,≤100
112314627622757,Merchants Payments Coalition,"Merchants Payments Coalition, Inc.",≤100
108380923919757,Health Insurance Hero,Health Insurance Hero,≤100
110022477032429,Admiral Mike Franken,"MICHAEL FRANKEN FOR IOWA, INC",≤100
269479249997,NSSF—The Firearm Industry Trade Association,National Shooting Sports Foundation,≤100
488927001143403,IMGE,IMGE,≤100
187005858017014,Climate Power,Climate Power,≤100
19219803864,Tax Foundation,Tax Foundation,≤100
7860876103,Joe Biden,DNC SERVICES CORP./DEM. NAT'L COMMITTEE,≤100
256043277748645,NetChoice,NETCHOICE,≤100
24470472733,The Trevor Project,The Trevor Project,≤100
1125672234179669,PAVE,"PAVE, INC.",≤100
107383671115032,Vincent Orange Sr.,Vincent Bernard Orange,≤100
232467307162583,Farm Action,Family Farm Action Inc,≤100
20787991568,Senate Democrats,DSCC,≤100
100104419147228,Do Good Chicken,DO GOOD FOODS LLC,≤100
163148530407080,Captain Mark Kelly,MARK KELLY FOR SENATE,≤100
12301006942,Democratic Party,DNC SERVICES CORP./DEM. NAT'L COMMITTEE,≤100
123192635089,GOP,REPUBLICAN NATIONAL COMMITTEE,≤100
294196590710262,FWD.us,FWD.us,≤100
15771560300,Earthjustice,EARTHJUSTICE,≤100
114094675305938,Food Grows Where Water Flows,CA FARM WATER COALITION,≤100
203805062990264,Ben Shapiro,The Daily Wire,≤100
305380096638473,Charles Booker,Booker for Kentucky,≤100
333710103706307,Giffords,GIFFORDS PAC,≤100
274975862998213,Profs and Pints,Profs and Pints,≤100
873203482775828,Poor People's Campaign: A National Call for Moral Revival,Poor People's Campaign,≤100
878935975829857,Healthcare Supply Chain Association,Healthcare Supply Chain Association,≤100
214821605377109,Stacey Abrams,Stacey Abrams for Governor,≤100
7292655492,MoveOn,MOVEON.ORG POLITICAL ACTION,≤100
19192438096,AAAS - The American Association for the Advancement of Science,American Association for the Advancement of Science,≤100
134535726580904,Maggie Hassan,Maggie for NH,≤100
137828333383238,Ampion,AMPION INC.,≤100
57259033959,AARP,AARP,≤100
57495285387,Michael Bennet,Bennet for Colorado,≤100
620882164603697,Cover Virginia,Virginia Department of Medical Assistance Services,≤100
114720264544782,Moving Forward,Seniors Today USA,≤100
100684991996307,November Coalition,NOVEMBER COALITION,≤100
102900705768156,Curt Hagman Listens,Ad paid for by California Real Estate Independent Expenditure Committee – California Association of REALTORS®. Committee major funding from:  National Association of REALTORS®  Not authorized by a candidate or a committee controlled by a candidate.,≤100
2602473023098666,Democratic Polling Center,Democratic Governors Association,≤100
383677738397139,Association for Accessible Medicines,Association for Accessible Medicines,≤100
118303441570966,Homeowner Smart,NATIONAL ASSOCIATION OF REALTORS,≤100
8934429638,Planned Parenthood Action,Planned Parenthood Action Fund,≤100
7192716362,Amnesty International USA,"AMNESTY INTERNATIONAL OF THE U. S. A., INC.",≤100
49275915266,MSI Reproductive Choices,MSI-US,≤100
19972147679,SEIU,SEIU COPE (SERVICE EMPLOYEES INTERNATIONAL UNION COMMITTEE ON POLITICAL EDUCATION),≤100
1316372698453411,Alexandria Ocasio-Cortez,Alexandria Ocasio-Cortez for Congress,≤100
261951940219,Goldman Environmental Prize,Goldman Environmental Foundation,≤100
185740015159478,340B Matters,340B Matters,≤100
201248453800242,My Pay My Say,Mackinac Center for Public Policy,≤100
110177119192569,Knightscope,"Knightscope, Inc.",≤100
297987334762,Jamie Raskin,Jamie Raskin for Congress,≤100
78451717770,adidas Golf,"ADIDAS AMERICA, INC.",≤100
13885075114,Action Against Hunger USA,ACTION AGAINST HUNGER - USA,≤100
110411398584,NRECA,National Rural Electric Cooperative Association,≤100
102869861979333,Gordon For Ward 5,Gordon For Ward 5,≤100
7030901126,Campaign for Tobacco-Free Kids,TOBACCO-FREE KIDS ACTION FUND,≤100
89336510798,American Friends of the Hebrew University,American Friends of Hebrew University,≤100
546643589052271,Sarah Godlewski,Sarah for Wisconsin,≤100
327853590558653,"Agri-Pulse Communications, Inc.","AGRI-PULSE COMMUNICATIONS, INC.",≤100
1223818144299403,DFRLab,"ATLANTIC COUNCIL OF THE UNITED STATES, INC. (THE)",≤100
34362997676,United States Holocaust Memorial Museum,UNITED STATES HOLOCAUST MEMORIAL MUSEUM,≤100
253312980194,Community Catalyst,COMMUNITY CATALYST INC,≤100
114008535880,Foundation for Individual Rights in Education,FOUNDATION FOR INDIVIDUAL RIGHTS IN EDUCATION,≤100
286224862049910,Commissioner Salim Adofo,Salim Kwabena Thandiwe Adofo,≤100
38235851310,USA for UNHCR,UNITED STATES ASSOCIATION FOR UNHCR,≤100
1431889706937050,Free & Fair Markets Initiative,"Free and Fair Markets Initiative, Inc.",≤100
546066468753446,Black Health Matters,BLACK HEALTH MATTERS FOUNDATION INC,≤100
103978002684,American Land Title Association,American Land Title Association,≤100
7227987111,GAIN POWER,"GAIN Power, LLC",≤100
72931140459,Center for Biological Diversity,"CENTER FOR BIOLOGICAL DIVERSITY, INC.",≤100
147368882623027,Black Futures Lab,Black Futures Lab,≤100
897994503631860,HealthInsurance.net,ASSURANCE IQ INC,≤100
141374766260,Kansas Policy Institute,KANSAS POLICY INSTITUTE,≤100
7263476274,Mercy Corps,Mercy Corps,≤100
933921763326425,Catherine Cortez Masto,CATHERINE CORTEZ-MASTO FOR SENATE,≤100
108281434237351,UBS Financial Services Inc.,UBS Financial Services,≤100
76470053424,TIAA,TEACHERS INSURANCE AND ANNUITY ASSOCIATION OF AMERICA,≤100
162244692732,Brennan Center for Justice at NYU Law,"WILLIAM J. BRENNAN CENTER FOR JUSTICE, INC.",≤100
50786013821,George Washington's Mount Vernon,"MOUNT VERNON LADIES' ASSOCIATION OF THE UNION, THE",≤100
113778833499506,California Labor and Business Alliance,California Labor and Business Alliance,≤100
75608370019,United States Institute of Peace,UNITED STATES INSTITUTE OF PEACE,≤100
6502038524,First Book,FIRST BOOK,≤100
85452072376,Newsmax,"NEWSMAX MEDIA, INC.",≤100
30139072158,CARE,"COOPERATIVE FOR ASSISTANCE AND RELIEF EVERYWHERE, INC. (CARE)",≤100
40217893542,AIPAC,AIPAC,≤100
105640635259371,For the People MD,"by Authority: PAC for the People, Ruthanne Buck, Treasurer",≤100
334163009899,National Health Law Program (NHeLP),NATIONAL HEALTH LAW PROGRAM INC,≤100
343668365761519,Montanans for Healthy Rivers,Montanas for Healthy Rivers,≤100
673117639774135,Gretchen Whitmer,Gretchen Whitmer for Governor,≤100
103048587920360,DMFI PAC,DMFI PAC,≤100
83290028957,Care Net,CARE NET,≤100
303374266418976,AFPM,American Fuel & Petrochemical Manufacturers,≤100
140499052681592,Bank of the West,BANK OF THE WEST,≤100
103552914774916,Science Moms,Potential Energy Coalition Inc,≤100
36872302227,Cory Booker,CORY BOOKER FOR SENATE,≤100
107864891924140,Self-Checkout Theft Discrimination,Tort Group LLC,≤100
224110651893,International African American Museum,IAAM,≤100
83996318078,Change.org,"Change.org, PBC",≤100
8811611493,Hester Street,Hester Street,≤100
1784754728423434,Restoration Association of Florida,Restoration Association of Florida,≤100
1632814840319802,John Fetterman,Fetterman for PA,≤100
104745299569161,National Indian Health Board,NATIONAL INDIAN HEALTH BOARD,≤100
135669583008,AMP Global Youth,AMERICANS FOR INFORMED DEMOCRACY CORP,≤100
1219301421506781,Kyle Sefcik,Kyle Sefcik For Governor,≤100
7292655492,MoveOn,MOVEON.ORG CIVIC ACTION,≤100
105632651693953,Marisa Wood for Congress,MARISA WOOD FOR CONGRESS,≤100
107168898379486,Speed & Scale,Speed & Scale,≤100
103945768988283,ObamacarePlans.com,Obamacareplans,≤100
100373975829221,Fòs Feminista Org,Fòs Feminista,≤100
104760636770,Vera Institute of Justice,"VERA INSTITUTE OF JUSTICE, INC.",≤100
190343811069679,Peter Franchot,Franchot Anderson-Walker for Maryland Slate,≤100
111139571590008,The Shift with Georgian and Winnie Banov,Global Celebration,≤100
8492293163,Environmental Defense Fund,Environmental Defense Fund,≤100
11111618026,Union of Concerned Scientists,"UNION OF CONCERNED SCIENTISTS, INC.",≤100
47918118982,Karen Bass,Karen Bass for Mayor 2022,≤100
121626482110,Operation Smile,OPERATION SMILE,≤100
80562389320,NARAL Pro-Choice America,NARAL PRO-CHOICE AMERICA CORP,≤100
18709174006,National Audubon Society,"NATIONAL AUDUBON SOCIETY, INC.",≤100
1600352356914768,PushBlack,PushBlack,≤100
206677396413254,Abortion On Our Own Terms,Abortion On Our Own Terms,≤100
124326681036084,Katie Hobbs,Elect Katie Hobbs,≤100
109092142462587,Adam Schiff,SCHIFF FOR CONGRESS,≤100
308890942864256,State Rep. Bee Nguyen,Bee for Georgia,≤100
114162217708114,Max Socol For Maryland Senate,Neighbors for Max Socol,≤100
219242560293,Meals on Wheels America,Meals on Wheels,≤100
96935476345,Democratic Governors Association (DGA),Democratic Governors Association,≤100
111485481421479,Donna Edwards,DONNA EDWARDS 4 CONGRESS,≤100
103003588663839,Eve T. Shuman,Friends of Eve T. Shuman,≤100
103828412346991,Murtha For Moco,Troy Murtha,≤100
605168822998856,314 Action,314 ACTION FUND,≤100
112840904238615,Perry Paylor for Montgomery County State's Attorney,Friends of Perry Paylor,≤100
1592284140810506,Gwenn Burud for Texas,Burud For Texas,≤100
51379424899,Mercy Ships,MERCY SHIPS INTERNATIONAL,≤100
32682889528,U.S. Chamber of Commerce,The U.S. Chamber of Commerce,≤100
386280348647138,Rebecca Parson,REBECCA PARSON 2020,≤100
46093654473,National Republican Congressional Committee,NRCC,≤100
30914589895,The International Fellowship of Christians and Jews,INTERNATIONAL FELLOWSHIP OF CHRISTIANS & JEWS INC,≤100
786167111464006,Woodson Center,The Woodson Center,≤100
1354622541311687,Dr. Kim Schrier,DR KIM SCHRIER FOR CONGRESS,≤100
1935830523369920,Ricardo Lara,Ricardo Lara for Insurance Commissioner 2022,≤100
252814820267,HIAS,HIAS,≤100
393932827634250,Dissent Pins,Common Practice,≤100
105793628612123,Alysse Castro for Alameda County Superintendent of Schools,"Alysse Castro for Alameda County Superintendent of Schools 2022, FPPC #1442206",≤100
1209457952426541,NILC Immigrant Justice Fund,NILC Immigrant Justice Fund,≤100
183792172090826,Northern Virginia Clean Water Partners,Northern Virginia Regional Commission,≤100
169597416843751,Stand Up America,Stand Up America,≤100
1461100540775171,The Tuttle Twins,LIBERTAS INSTITUTE,≤100
1166660030079480,National Democratic Redistricting Committee,National Democratic Redistricting Committee,≤100
142377071013968,"Elect Stephanie Gallardo, WA-9",People of the 9th for Stephanie,≤100
316768628476080,Cityzenith,CITYZENITH LLC,≤100
129240690441636,The Legal Defense Fund,"N. A. A. C. P. LEGAL DEFENSE AND EDUCATIONAL FUND, INC.",≤100
330615513716717,"Commissioner John E. O’Connor, District 3",John Oconnor,≤100
1593518174052711,Candace Owens,Daily Wire,≤100
343714718985673,Think Wood,Think Wood,≤100
25852730092,Care2,"Care2.com, Inc",≤100
1599237673639735,Change Media Group,Change Media Group,≤100
103930738317644,Derek Marshall for Congress,DEREK MARSHALL FOR CONGRESS,≤100
49847453309,UC Advocacy Network,University of California,≤100
81517275796,UNICEF USA,UNITED STATES FUND FOR UNICEF,≤100
167586229923327,World Food Program USA,World Food Program USA,≤100
95001097200,National Association of Manufacturers,NATIONAL ASSOCIATION OF MANUFACTURERS OF THE UNITED STATES OF AMERICA INC.,≤100
7341997111,Conservation International,Conservation International,≤100
102820629050000,"Elect JT Absher, Nevada State Senate District 10",Absher for Nevada Committee,≤100
945455208962159,For Everyone Collective,For Everyone Collective,≤100
43287633515,Action for the Climate Emergency,Action for the Climate Emergency,≤100
221401431386940,Pramila Jayapal,PRAMILA FOR CONGRESS,≤100
110947388286801,Charities for Vets,RAM Veterans Foundation,≤100
248181906078243,National Institute for Civil Discourse,CommonSense American,≤100
34370387440,JDRF,JDRF INTERNATIONAL,≤100
15503839732,Peter G. Peterson Foundation,Peter G. Peterson Foundation,≤100
180024415404279,Pacific Research Institute,Pacific Research Institute,≤100
29717379728,International Justice Mission,International Justice Mission,≤100
138858835750,New Jersey Democratic State Committee,New Jersey Democratic State Committee,≤100
12141462551,Washington National Cathedral,Piercing Digital,≤100
102592959026,Ocean Conservancy,"OCEAN CONSERVANCY, INC.",≤100
5720973755,Defenders of Wildlife,DEFENDERS OF WILDLIFE,≤100
67626834312,National Women's Law Center,National Women's Law Center,≤100
101704558574021,Lucas Kunce,Lucas Kunce for Missouri,≤100
6696842658,Avodah,AVODAH THE JEWISH SERVICE CORPS,≤100
6041057841,The Humane Society of the United States,"HUMANE SOCIETY OF THE UNITED STATES, THE",≤100
19554217292,American Heart Association: You're the Cure,American Heart Association,≤100
280704452367167,Jason Crow,JASON CROW FOR CONGRESS,≤100
112537058000182,Karina Lipsman For Congress,KARINA FOR CONGRESS,≤100
101688132305156,Derrick Anderson for VA,Derrick Anderson for VA,≤100
147447783311,Charlie Crist,"Charlie Crist, Democrat for Governor",≤100
103565195134756,America First Policy Institute,America First Policy Institute,≤100
368939106450177,Louis D. Brandeis Center for Human Rights Under Law,LOUIS D BRANDEIS CENTER INC,≤100
282404394803,DC Fiscal Policy Institute,DC Fiscal Policy Institute,≤100
104377641671195,Salem Podcast Network,Salem Media,≤100
16477459734,League of Conservation Voters,"LEAGUE OF CONSERVATION VOTERS, INC",≤100
8783725165,Build-A-Bear Workshop,These ads ran without a disclaimer,≤100
814705172017182,Genusee,Genusee,≤100
1382441768496365,Pentair,PENTAIR,≤100
260713150211,Protect Our Winters,PROTECT OUR WINTERS,≤100
114197411271539,Brighter Chula Vista,"Residents for a Brighter Chula Vista, Supporting Amar Campa-Najar for Mayor 2022",≤100
525449544175467,Daniel Hernandez,DANIEL HERNANDEZ FOR CONGRESS,≤100
110556777915958,Matt Putorti,MATT PUTORTI FOR CONGRESS,≤100
159817223047,David Scott for Congress,David Scott for Congress,≤100
1562713090633117,Operation Underground Railroad,"Operation Underground Railroad, Inc.",≤100
105561217523274,The Dispatch,"Dispatch Media, Inc.",≤100
127225910653607,PragerU,PragerU,≤100
103355385129734,The Climate Pledge,The Climate Pledge,≤100
97493741436,John W. Hickenlooper,HICKENLOOPER FOR COLORADO,≤100
243184199040637,Caring Across Generations,Caring Across Generations,≤100
128334087241432,Todd Starnes,Starnes Media Group LLC,≤100
314499212242,Pfizer,Pfizer Inc.,≤100
19746387261,Humane Society International,Humane Society International,≤100
56431624743,Ceres,Ceres,≤100
218566214841042,3M,3M COMPANY,≤100
18017481462,Acton Institute,Acton Institute,≤100
424443217623488,Clarion Project,"CLARION PROJECT, INC.",≤100
24481937944,Theodore Roosevelt Conservation Partnership,"THEODORE ROOSEVELT CONSERVATION PARTNERSHIP, INC",≤100
38471053686,Elizabeth Warren,"WARREN DEMOCRATS, INC.",≤100
101064782514332,Free and Fair Elections USA,Free and Fair Elections USA,≤100
1424939337821370,Rachel Wahba Writer,Rachel Wahba,≤100
22057337060,Emerge,Emerge America,≤100
187594818048424,Mandela Barnes,Mandela Barnes for Wisconsin,≤100
6266829799,Sherrod Brown,FRIENDS OF SHERROD BROWN,≤100
138644937392,SEIU California,SEIU California,≤100
765097033535684,Nova Ukraine,Nova Ukraine with Facebook ad credits,≤100
123433462382123,Cora Neumann,CORA FOR MONTANA,≤100
8002590959,Rainforest Action Network - RAN,RAINFOREST ACTION NETWORK,≤100
187741797907314,The American Society of Anesthesiologists (ASA),"AMERICAN SOCIETY OF ANESTHESIOLOGISTS, INC., THE",≤100
131306317680000,Social Goods,"Social Goods, LLC",≤100
9694956217,Animal Legal Defense Fund,ANIMAL LEGAL DEFENSE FUND,≤100
103929304678916,Voter Action Project,Integrity First Voter Action Project,≤100
165566613453452,ERLC,ETHICS AND RELIGIOUS LIBERTY COMMISSION OF THE SOUTHERN BAPTIST,≤100
104491841664875,Adam Kinzinger,Future First Leadership PAC,≤100
142957224352,International Medical Corps,International Medical Corps with Facebook ad credits,≤100
400505623360875,SEIU Virginia 512,SEIU Virginia 512,≤100
585942765164217,Elect Democratic Women,ELECT DEMOCRATIC WOMEN,≤100
6040534532,One Acre Fund,ONE ACRE FUND,≤100
113341457791145,Voices for Healthy Green Spaces,Voices for Healthy Green Spaces,≤100
1949064322040283,Principles,"Principles, LLC",≤100
100162215660565,Primary Sinema,Change for Arizona 2024 PAC,≤100
13867925345,Equality Florida,Equality Florida,≤100
109320440856128,Together Beat Hate,"Foundation to Combat Anti-Semitism, Inc.",≤100
103276641416832,The Juggernaut Project,JUGGERNAUT PROJECT LLC,≤100
105447495509898,Obamacare Plans,These ads ran without a disclaimer,≤100
15239367801,The Wilderness Society,"WILDERNESS SOCIETY, THE",≤100
102047517918,The Commonwealth Fund,"COMMONWEALTH FUND, THE",≤100
711478725532801,Civiqs,Civiqs,≤100
1341543769290478,Kathy Manning,Kathy Manning for Congress,≤100
999556810102061,Signature Seas,Signature Seas,≤100
349068689306,Tim Scott,Tim Scott for Senate,≤100
300341323465160,The Daily Signal,HERITAGE FOUNDATION (THE),≤100
580610428636345,Fight for $15,Fight for $15,≤100
304842759546695,Brooklyn Institute for Social Research,Brooklyn Institute for Social Research,≤100
42590232694,CAIR,"CAIR-FOUNDATION, INC.",≤100
858210161010020,Tom Malinowski for Congress,TOM MALINOWSKI FOR CONGRESS,≤100
300992409852,Hoover Institution,Hoover Institution,≤100
130945114804,World Jewish Congress,WORLD JEWISH CONGRESS AMERICAN SECTION INC,≤100
6204742571,Sierra Club,SIERRA CLUB,≤100
69611504313,Simon & Schuster,Simon and Schuster,≤100
113553048669158,Rick Scott,RICK SCOTT FOR FLORIDA,≤100
139766499461199,Tom Rice for Congress,TOM RICE FOR CONGRESS,≤100
5435784683,Greenpeace USA,"GREENPEACE, INC.",≤100
115379705206001,U.S. Department of Homeland Security Blue Campaign,U.S Department of Homeland Security Blue Campaign,≤100
10498053716,Media Research Center,MEDIA RESEARCH CENTER,≤100
102204903345,The Vilcek Foundation,"VILCEK FOUNDATION, INC., THE",≤100
217215731797625,InsideSources,"InsideSources, LLC",≤100
1425435377743310,Conversations with Bill Kristol,FOUNDATION FOR CONSTITUTI,≤100
101922748750414,BRAVE Books,Brave Books LLC,≤100
158791100909689,Concerned Veterans for America,Concerned Veterans for America,≤100
93188136312,Physicians for Reproductive Health,"PHYSICIANS FOR REPRODUCTIVE HEALTH, INC.",≤100
46428009499,The Jewish Agency for Israel,The Jewish Agency For Israel,≤100
220873174076,Animal Equality,ANIMAL EQUALITY,≤100
7962229886,Environmental Working Group,ENVIRONMENTAL WORKING GROUP,≤100
8914040942,Chesapeake Bay Foundation,"CHESAPEAKE BAY FOUNDATION, INC., THE",≤100
49651563727,Live Action,Live Action,≤100
99033391274,Brian Kemp,Kemp for Governor Inc,≤100
243498882520314,FoodFinder,"FOODFINDER, INC.",≤100
103981995542610,Yes on Measures A and B - Protect our Water,VC-SAFE,≤100
85945492130,EnergyBoom,Energy Boom,≤100
108232074355032,Second-Rate Democracy,Douglas James Amy,≤100
380307012173800,American Farming Flags,American Farming Flags,≤100
443329669123990,USAFacts,USAFacts Institute,≤100
105683954933727,The American-Ethiopia Public Affairs Committee-AEPAC,AEPAC,≤100
106133088692657,Disability Experts,Disability Experts,≤100
107045481930055,Jared Moskowitz for Congress,Jared Moskowitz for Congress,≤100
89855016270,National Conference of State Legislatures,National Conference of State Legislatures,≤100
1958912674200535,The Pour Over,Pour Over,≤100
27478282874,UNITE HERE!,UNITE HERE,≤100
1155212867963791,AFP Action,"AMERICANS FOR PROSPERITY ACTION, INC.(AFP ACTION)",≤100
116546288359245,Heritage Action for America,HERITAGE ACTION FOR AMERICA,≤100
291391109320335,Cooke for Congress,COOKE FOR CONGRESS,≤100
111442591574663,Neighbors for Sheriff Bolanos in 2022,Neighbors for Sheriff Bolanos in 2022,≤100
681626158940626,Mission Roll Call,Americas Warrior Partnership,≤100
8325302025,Friends of the Earth U.S.,Friends of the Earth,≤100
126357934012,Allan Kittleman,ALLAN KITTLEMAN FRIENDS OF,≤100
108534121652566,Internet For Growth,"Interactive Advertising Bureau, Inc.",≤100
361414127262034,Maryland State Board of Elections,The Maryland State Board of Elections,≤100
802271849850801,Freedom for All Americans,Freedom for All Americans,≤100
113626351223165,Joe Kerr for State Senate District 38,Joe Kerr for Senate 2022,≤100
1634651343331439,Project Wren,Landon Scott Brand,≤100
198447390308626,Gregg Hart,Gregg Hart for Assembly 2022,≤100
1832744013698336,Mahogany Mommies,Mahogany Mommies,≤100
113123161412311,Opportunity Savings,Seniors Today USA,≤100
38897314734,Trust for Public Land,"TRUST FOR PUBLIC LAND, THE",≤100
700941689954518,Defend Our Future,Defend Our Future,≤100
1614294382123432,Universal Peace Federation USA,UNIVERSAL PEACE FEDERATION USA INC,≤100
111237577031486,AquiPor Technologies,"Aquipor Technologies, Inc.",≤100
106348898637793,Tony Simone,Tony for New York,≤100
104673965019490,Growing Almonds,ALMOND BOARD OF CALIFORNIA,≤100
170108649668951,California Water Service,CALIFORNIA WATER SERVICE COMPANY,≤100
236369846383459,Congressional Black Caucus PAC,CONGRESSIONAL BLACK CAUCUS PAC,≤100
21375324480,The Heritage Foundation,HERITAGE FOUNDATION (THE),≤100
105454117977117,Voices for Consumer Choice,Voices for Consumer Choice,≤100
655065784538368,PredictIt,"PredictIt - Prediction Markets. A project of Victoria University of Wellington, PredictIt has been established to facilitate research into the way markets forecast events.",≤100
51405613519,Focus on the Family,Focus on the Family,≤100
543630662392876,Maura Healey,The Committee to Elect Maura Healey,≤100
119266119983936,U.S. Representative Peter Meijer,Representative Peter Meijer,≤100
6580173137,Alan Grayson,COMMITTEE TO ELECT ALAN GRAYSON,≤100
104151054899518,ACLU California Action,ACLU California Action,≤100
184609361596971,Scott Peters,SCOTT PETERS FOR CONGRESS,≤100
2353537341582545,Proud Patriots,Proud Patriots,≤100
115050083954556,Faisal Gill for Los Angeles City Attorney,Faisal Gill for Los Angeles City Attorney,≤100
329138183746,American Action Forum,American Action Forum,≤100
34440108608,Net Impact,NET IMPACT,≤100
1430683863817923,Mautz for Senate,Friends of Johnny Mautz,≤100
239029093423,Dave Jones,Dave Jones for State Senate 2022,≤100
1017445005125219,Goobuybuy,These ads ran without a disclaimer,≤100
471134912978464,Alex Padilla,ALEX PADILLA FOR SENATE,≤100
35169196082,Project HOPE,"PROJECT HOPE-THE PEOPLE-TO-PEOPLE HEALTH FOUNDATION, INC.",≤100
107209354867129,Team Trimino,Anthony Trimino For Governor 2022,≤100
115403471809909,Plastic Oceans,PLASTIC OCEANS INTERNATIONAL,≤100
112383205925136,David Canepa,CANEPA FOR CONGRESS,≤100
102740458802755,Dr. Kermit Jones for Congress,KERMIT JONES FOR CONGRESS,≤100
170168039700945,Delaware Riverkeeper Network,These ads ran without a disclaimer,≤100
50498162578,Legal Aid Justice Center,Legal Aid Justice Center,≤100
50982313030,Food & Water Watch,Food & Water Watch,≤100
1802177709900081,The Spectator World,The Spectator US,≤100
54820342268,National Association of Secondary School Principals (NASSP),NATIONAL ASSOCIATION OF SECONDARY SCHOOL PRINCIPALS,≤100
485980975070908,Abigail Spanberger,SPANBERGER FOR CONGRESS,≤100
1604371783193820,Evan McMullin,MCMULLIN FOR UTAH INC.,≤100
1691667177798461,Brut,Brut,≤100
373814729643508,Let America Vote,Let America Vote PAC and National Democratic Redistricting Committee,≤100
108854430811842,Stop Pebble Mine,Stop Pebble Mine,≤100
103531607822207,Noticias para Inmigrantes,"Wise Rock Media, PBC",≤100
90022052772,Williams,"WILLIAMS COMPANIES, INC., THE",≤100
828902563856302,Chuck Schumer D-NY,FRIENDS OF SCHUMER,≤100
92925746942,Judicial Watch,Judicial Watch,≤100
55708608675,RAND Corporation,"RAND CORPORATION, THE",≤100
262229647256771,Greystone,Greystone LLC,≤100
294793907203877,Liz Mathis,Liz Mathis for Congress,≤100
38882699096,Polaris,POLARIS PROJECT,≤100
1505244559517282,Colin Allred,COLIN ALLRED FOR CONGRESS,≤100
376638603087168,Save The Earth,8 Billion Trees LLC,≤100
30139072158,CARE,CARE,≤100
431019887282794,Tomorrow's World Today,Flying Cork,≤100
1669532483372455,The Victory Channel,Kenneth Copeland Ministries,≤100
176036105183,Los Angeles County Democratic Party,Los Angeles County Democratic Central Committee,≤100
112425441094454,The Art of the Tweet,The Art of the Tweet LLC,≤100
287477271319818,Peter Welch,Welch for Vermont,≤100
23790541544,Democrats,DCCC,≤100
182200225145953,Damon Connolly,Damon Connolly for Assembly 2022,≤100
385473284886474,Hillsdale College,Hillsdale College,≤100
349800859019034,The 19th News,The 19th,≤100
108456245167527,Joaquín Beltrán for Congress,JOAQUIN BELTRAN FOR CONGRESS,≤100
250485248333218,Clean Air Task Force,CLEAN AIR TASK FORCE,≤100
111812341423992,Niosi 2022,Niosi 2022,≤100
67945990059,The American Petroleum Institute,The American Petroleum Institute,≤100
101170995585498,Sherine Smith for OC Board Of Education,Sherine Smith for Orange County Board of Education 2022,≤100
107005161695319,Herschel Walker,"TEAM HERSCHEL, INC.",≤100
203583423017526,National Immigration Law Center,National Immigration Law Center,≤100
866779926670025,Citizens for Tobacco Rights,Citizens for Tobacco Rights,≤100
60326619815,Asian Pacific American Institute for Congressional Studies (APAICS),Asian Pacific American Institute for Congressional Studies (APAICS),≤100
114625730266879,The Republican Accountability Project,Defending Democracy Together,≤100
192609620649,The University of Chicago,The University of Chicago,≤100
1483977658578577,Jasmine Beach-Ferrara,JASMINE BEACH-FERRARA FOR CONGRESS,≤100
97466887664,Innocence Project,"INNOCENCE PROJECT, INC., THE",≤100
119211574785408,PGCEA,Prince George's County Educators Association (PGCEA),≤100
109352563640,Water.org,WATER.ORG INC.,≤100
38235851310,USA for UNHCR,United States Association for UNHCR with Facebook ad credits,≤100
103644036958,United Association,United Association Political Education Committee,≤100
894315020709961,CARE About Housing,"Coalition for Affordable, Reliable, and Equitable Housing",≤100
717303634991131,Montanans for Liberty and Justice,Montanans For Liberty And Justice,≤100
204623453392865,Angélica Dueñas for Congress - CA29,ANGELICA DUENAS FOR CONGRESS 2020,≤100
441242156439675,Jessica Cisneros,Jessica Cisneros for Congress,≤100
90461584470,Marc Levine,Friends of Marc Levine,≤100
123548795009591,Henry Bouchot,Bouchot for Senate 2022,≤100
102987278979824,Thomas Allison for Judge,Thomas Allison for Los Angeles County Superior Court Judge 2022,≤100
107274551919644,Re-Elect Richard Fritz,Richard Delno Fritz,≤100
502216386575351,Kelly Schulz,"Kelly Schulz for Governor, Inc.",≤100
1627003250661184,Roam,ROAM Media Inc.,≤100
6355071377,American Cancer Society Cancer Action Network - ACS CAN,AMERICAN CANCER SOCIETY CANCER ACTION NETWORK INC,≤100
53702502366,Lenny Zenith Music,These ads ran without a disclaimer,≤100
1884211268529027,Elect Matt Nolan Wills,Committee to Elect Matt Wills,≤100
106632308732619,Michael Seifert,Tomer Barazani,≤100
102281192230784,Forward Party,Forward Party,≤100
522359791285231,American Greatness,Tomer Barazani,≤100
109072395032503,Committee to Invest in San Rafael Schools - YES on Measures B & C,Committee to Invest in San Rafael Schools,≤100
102212468941824,Craig for Mayor,Craig Greiwe for Mayor 2022,≤100
399067003454888,Sudan Relief Fund,Sudan Relief Fund Inc,≤100
108476394845917,YES Greenway,YES Greenway,≤100
47016231622,AFROPUNK,AFROPUNK WORLDWIDE LLC,≤100
579945178720985,Cheri Beasley,CHERI BEASLEY FOR NORTH CAROLINA,≤100
1883837055193241,Shield Republic,Shield Republic,≤100
330229664373687,Live to Give,"LV2GV, LLC",≤100
103373519004702,Environmental Solutions Coalition,Environmental Solutions Coalition,≤100
406253802918825,Lauren Book,Lauren Book for State Senate 2022,≤100
336861789666063,Liberty Fund,LIBERTY FUND INC,≤100
104492081369305,Ron Freitas,Ron Freitas for District Attorney 2022,≤100
1399736660066130,Jews for a Secular Democracy,SOCIETY FOR HUMANISTIC JUDAISM,≤100
128103650601995,The Conservative Caucus,CONSERVATIVE CAUCUS INC,≤100
77273593330,Hillel International,HILLEL THE FOUNDATION FOR JEWISH CAMPUS LIFE,≤100
144378845609069,Whole Woman's Health,Whole Woman's Health,≤100
100918342628728,"Amy Ginsburg, Montgomery County",Amy Ginsburg Council Campaign,≤100
115533195792,Reston Association,RESTON ASSOCIATION,≤100
118372414848063,UN Women USA,UN Women USA,≤100
103596565551912,Ryder for New York,Ryder for New York,≤100
110747918195739,MB Citizens for Schools,Committee to Support MD Citizens For Schools,≤100
105173311888160,Star and Bar,Star and Bar,≤100
12357407443,American Friends Service Committee,AMERICAN FRIENDS SERVICE COMMITTEE,≤100
183165025062107,The TESA Collective,"The Toolbox for Education and Social Action, Inc",≤100
106480478331065,Kevin4Marin,Morrison for Marin County Supervisor 2022,≤100
6954880804,Green America,GREEN AMERICA,≤100
110345674826323,Mike Kelly for Illinois State Representative,Friends of Mike Kelly,≤100
113757100810719,Councilwoman Michele Grim,Friends of Michele Grim,≤100
136126341809,American Bird Conservancy,AMERICAN BIRD CONSERVANCY,≤100
106949844346620,Trumpian Republicans,Gregory Lawrence Burright,≤100
117437204982602,American Wild Horse Campaign,American Wild Horse Preservation Campaign,≤100
107567985260291,Yes on G for Mill Valley Schools,SAFE AND MODERN MILL VALLEY SCHOOLS - YES ON G,≤100
111594101516954,Reardon Sullivan for MoCo,REARDON SULLIVAN FOR MOCO,≤100
111464544881905,America First News,Tomer Barazani,≤100
114274475307351,Greg Raths For Congress 2022,Greg Raths for Congress,≤100
106672632011808,George Radanovich for Senate,George for Senate 2022,≤100
141972426677848,Dr. Akilah Weber,Akilah Weber For State Assembly,≤100
1577546755623426,Vote Jynai McDonald for State Representative,Jynai S Mcdonald,≤100
101505188249101,ExtendedSession,ExtendedSession LLC,≤100
180060629247353,Elaine Luria for Congress,ELAINE FOR CONGRESS,≤100
101434055512783,Karoline Leavitt,Karoline for Congress,≤100
1955953381348064,State Representative Trent Ashby,Texans for Trent Ashby,≤100
8766613788,Saqib Ali,Friends of Saqib Ali,≤100
381144248486,Arizona Small Business Association,Arizona Small Business Association,≤100
510680265702016,Crowned Free,Crowned Free,≤100
5633824547,FreedomWorks,"FREEDOMWORKS, INC.",≤100
192591294101850,Factory Farming Awareness Coalition (FFAC),Factory Farming Awareness Coalition,≤100
519590768083165,Abby Finkenauer for Senate,ABBY FOR IOWA,≤100
236770820912505,Charles Graham for Congress,Charles Graham for Congress,≤100
122671561263552,Committee for Better Banks,"COMMUNICATIONS WORKERS OF AMERICA, AFL-CIO, CLC",≤100
1438402866378921,BookShark,BookShark,≤100
100451708992467,Michelle L Smith for U.S. Senate,MICHELLE L SMITH FOR SENATE,≤100
106925294739244,Advancing American Freedom,Advancing American Freedom,≤100
111311390623711,2A Daddy,Tomer Barazani,≤100
648704588651914,March On,March On,≤100
106893981453425,Future of Cities,FOC FUND MANAGER QOZB LLC,≤100
399060493533519,The Justice Foundation,JUSTICE FOUNDATION,≤100
101701525645422,Families for a Future,Families for a Future,≤100
110010433804232,Standing For Freedom Center,Falkirk Center,≤100
1520852664890753,Beau Biden Foundation for the Protection of Children,Beau Biden Foundation for the Protection of Children,≤100
101810652152706,Ship It Zero,PACIFIC ENVIRONMENT AND RESOURCES CENTER,≤100
100637631678746,Conservative News Daily,Conservative News Daily,≤100
170169493012341,The Fund for Global Human Rights,FUND FOR GLOBAL HUMAN RIGHTS,≤100
702582586516561,CBN Israel,"The Christian Broadcasting Network, Inc.",≤100
1707823392631263,Josh Hoover,Hoover for Assembly 2022,≤100
111727848645,Jeff Waldstreicher,Friends of Jeff Waldstreicher,≤100
111713728196730,Grow Florida,Grow Florida,≤100
102772292126104,Desi Cuellar,CUELLAR FOR NEW YORK,≤100
826512007401939,Commissioner Vincent Morales,Commissioner Vincent Morales,≤100
204350233505116,Adrian Fontes for Arizona Secretary of State,Fontes for AZ. Authorized by Adrian Fontes.,≤100
1679521432262834,Physicians Grassroots Network,American Medical Association,≤100
114765400352270,Kite & Key Media,VMTS EDUCATION INC,≤100
108008514841150,Save Jackson Park,Jeannette L Hoyt,≤100
395691093823341,Family Values at Work,FAMILY VALUES AT WORK A MULTISTATE CONSORTIUM INC,≤100
95135221781,Federal News Network,Hubbard Radio DC,≤100
1706927012735018,VEOCEL,These ads ran without a disclaimer,≤100
60182072999,Lila Rose,Live Action,≤100
379300279335357,Chicago Gig Alliance,Chicago Gig Alliance,≤100
915656035153394,Oceanites,OCEANITES INC,≤100
318196171580489,Ron DeSantis,Friends of Ron DeSantis,≤100
100383465536997,Michelle Oyola McGovern for County Commission,"Michelle Oyola McGovern, Democrat, for County Commission",≤100
291102898490822,Conservative Comedy Store,Conservative Comedy Store,≤100
17382403969,"The Lesbian, Gay, Bisexual & Transgender Community Center","LESBIAN & GAY COMMUNITY SERVICES CENTER, INC.",≤100
79125112926,Students for Life of America,"STUDENTS FOR LIFE OF AMERICA, INC.",≤100
159214207491260,Mark Takano,Mark Takano for Congress,≤100
399918272151,Kimbley Craig,"Kimbley Craig for Supervisor 2022, FPPC #1443121",≤100
133931303345903,Zach Klein,Klein Committee,≤100
100960381736331,Frankly Speaking Films,Frankly Speaking Films LLC,≤100
6012633110,Communications Workers of America,These ads ran without a disclaimer,≤100
102135379094604,Saira Draper for Georgia,Friends of Saira Draper,≤100
103191495672322,Privacy Rights Institute,Privacy Rights Institute,≤100
680907265412546,People's Lives Matter,These ads ran without a disclaimer,≤100
215318905960,Democratic Party of Orange County,Democratic Party of Orange County,≤100
106935271991559,Yes on H for Hillsborough Schools,STRONG AND SAFE HILLSBOROUGH SCHOOLS - YES ON H,≤100
1419181621637713,Mary Kay Henry,SEIU,≤100
1547129225594616,Rich Constantine for Supervisor,"Constantine for Supervisor 2022, FPPC# 1437833",≤100
185026128216027,Americans for Prosperity-Kansas,AMERICANS FOR PROSPERITY,≤100
100631775978696,Michela Alioto-Pier for State Board of Equalization 2022,"Michela Alioto-Pier for State Board of Equalization 2022, FPPC# 1444394",≤100
1526736227567131,TrueCoverage,True Coverage,≤100
65538457518,The Village Square,"TO THE VILLAGE SQUARE, INC.",≤100
939142902771066,The American Leader,THE AMERICAN LEADER,≤100
1001615463272722,Biosimilars Council,The Biosimilars Council,≤100
114301413446447,The Climate Initiative,Kennebunkport Climate Initiative,≤100
81498431082,Friends of the Mississippi River,FRIENDS OF THE MISSISSIPPI RIVER INC,≤100
107258967691080,Red Brennan Group,The Red Brennan Group Political Action Committee,≤100
101319054682618,The Liberty Belle,Christin Elizabeth Mcmasters,≤100
27461595703,Carbonfund.org Foundation,Carbonfund.org Foundation,≤100
354329797956187,The Catholic Association,"The Catholic Association, Inc",≤100
245711905631405,Jeff Jackson,JEFF JACKSON FOR CONGRESS,≤100
104834210883,The Story of Stuff Project,The Story of Stuff Project,≤100
1560286300899883,Diabetes Patient Advocacy Coalition,Diabetes Patient Advocacy Coalition,≤100
103546351703577,Dallas Express,The Dallas Express,≤100
306591716448427,Cindy Axne,CINDY AXNE FOR CONGRESS,≤100
500807353427258,Al Austin for Assembly 2022,Al Austin for State Assembly,≤100
102033358602068,Jim Barnes,Jim Barnes for Sheriff 2022,≤100
34661411150,AIDS Healthcare Foundation,AIDS Healthcare Foundation,≤100
610360895763685,Joe Petty For State Senate,Petty Committee,≤100
1438808983108348,BOLD PAC,CHC BOLD PAC,≤100
100176275759777,Pat Ruiloba for Sheriff,Committee to elect Patricio Ruiloba,≤100
114772974408210,I Love America,The Boswell Project,≤100
106313885293733,Jodi Plecity for City of Fargo Commissioner,Jodi Plecity for Fargo City Commission,≤100
102845122330966,Raines-Welch for Judge,Raines-Welch for Judge,≤100
106582544906565,Maine Affordable Energy,Maine Affordable Energy,≤100
17203056985,Partners In Health,Partners In Health,≤100
355783211719644,Veteran Caregivers of America,"Veteran Caregivers, LLC",≤100
1384649428416342,Workers Center for Racial Justice,WORKERS CENTER FOR RACIAL JUSTICE NFP,≤100
1353722684643583,EPF Media,EPF Media,≤100
294508332028,Lakota People's Law Project,ROMERO INSTITUTE,≤100
234061016646684,Friedman & Houlding LLP,Friedman & Houlding LLP,≤100
109846361616313,Kimberly Ho for State Assembly,Kimberly Ho for Assembly 2022,≤100
1439168163008159,Dominicanos USA,DOMINICANOS USA INC NY,≤100
1752689034960996,The Babylon Bee,THE BABYLON BEE LLC,≤100
169710960125365,Curzio Research,CURZIO RESEARCH,≤100
60261764250,Childhelp,"CHILDHELP, INC.",≤100
11602044174,Independent Women's Forum,Independent Women's Forum,≤100
140357056032320,NEA Today,National Education Association,≤100
100732468755666,Mia For Assembly,MIA LIVAS PORTER FOR ASSEMBLY 2022,≤100
2170743379857378,George Santos for Congress NY-3,Devolder Santos for Congress,≤100
214061167976,El Tiempo Latino,MASTV EL PLANETA LLC,≤100
37461287798,Jesuit Refugee Service/USA,JESUIT REFUGEE SERVICE INC,≤100
222108208292714,Damian Lara Listens,Damian Lara,≤100
155131494544162,"Center for the Study of White American Culture, Inc.",CENTER FOR THE STUDY OF WHITE AMERICAN CULTURE,≤100
153278754738777,Climate Reality,The Climate Reality Project,≤100
169277310432049,"Texas Precision Optics, Inc.",Texas Precision Optics Inc,≤100
1444820465547227,Rank the Vote,Rank the Vote,≤100
487569614682924,CAPP USA,Yellow Line Productions LLC,≤100
200650357207240,I Love My Freedom,I Love My Freedom,≤100
117507751891,United Poultry Concerns,"UNITED POULTRY CONCERNS, INC",≤100
103382901323559,Rick Chavez Zbur,Rick Chavez Zbur For Assembly 2022,≤100
108167465101691,Stephanie Clements for L.A. City Controller,Clements for Controller,≤100
1775685499406954,Scott Baugh,Scott Baugh for Congress,≤100
16695101734,National Association of Social Workers,These ads ran without a disclaimer,≤100
301912680332666,Yes on Measure C for Belmont-Redwood Shores Schools,"Friends of Belmont-Redwood Shores Schools 2022 / Yes on C, FPPC# 1443996",≤100
601108943431836,The Flip Side,TFS INC,≤100
464998390249008,The Independence Fund,"INDEPENDENCE FUND, INC, THE",≤100
101240352374938,Sara Aminzadeh for Assembly,Sara Aminzadeh for Assembly,≤100
189262227767934,Cultural Survival,"CULTURAL SURVIVAL, INC",≤100
308851063225813,Green Leaf Pot Stocks,Link Media LLC,≤100
1163811040367180,Food & Water Action,FOOD & WATER ACTION,≤100
155363124486736,Steven Fulop,Election Fund of Steven Fulop 2021,≤100
111264034897539,Neighbors for a Better Long Beach,Neighbors for a Better Long Beach,≤100
410825846009652,Commune,"Commune Media, Inc.",≤100
433919203362871,Bird + Stone,BIRD & STONE INC,≤100
1400722936854943,Friends of Alan Bowser,Alan Steele Bowser,≤100
1024984580892392,Josh Gottheimer for Congress,JOSH GOTTHEIMER FOR CONGRESS,≤100
195530355493,Chicks On The Right,The Association of Mature American Citizens Inc,≤100
79820371749,Ayanna Pressley,THE COMMITTEE TO ELECT AYANNA PRESSLEY,≤100
645392368909975,carafem,carafem,≤100
70874333603,CatholicVote,catholicvote.org,≤100
969290446435504,Russell Fry,FRY FOR CONGRESS,≤100
558416317525208,For the Many,For the Many,≤100
21090771700,Gun Owners of America,Gun Owners of America,≤100
222239681125641,Long Beach Firefighters,Long Beach Firefighters,≤100
8818063852,MSPCA-Angell,MASSACHUSETTS SOCIETY FOR THE PREVENTION CRUELTY ANIMALS,≤100
1922774311344189,SacTown Talks,SacTown Talks,≤100
19342050934,Leadership Institute,LEADERSHIP INSTITUTE INC,≤100
108547455113940,Our America,Our America,≤100
102746045103815,Schipske 4 Long Beach,Schipske for City Attorney 2022,≤100
143839132401339,Lori Saine for Freedom,LORI FOR FREEDOM,≤100
122778111789893,Jon Wizard for Assembly,Wizard for Assembly 2022,≤100
114710126648118,Republican Dogs,Republican Dogs,≤100
1622448958007112,Douglass Leadership Institute,DOUGLASS LEADERSHIP INSTITUTE INC,≤100
102961088866702,Sarah Klee Hood NY,Sarah Klee Hood For NY,≤100
109866370700481,PushBlack Finance,PushBlack,≤100
141293156965,Belladonna's Bohemian Belly Dance,These ads ran without a disclaimer,≤100
101485404914361,Bad News Wares,Bad News Wares,≤100
8501031021,VoteVets.org,VOTEVETS,≤100
56332452163,AMA Patients Action Network,American Medical Association,≤100
100484735718366,The Coalition for Carolina,Coalition for Carolina,≤100
8524198486,Physicians Committee for Responsible Medicine,"PHYSICIANS COMMITTEE FOR RESPONSIBLE MEDICINE, INC.",≤100
102173001195418,Mary Miller for Congress,Mary Miller For Congress,≤100
103983379801,Texas Democratic Party,Texas Democratic Party,≤100
101997038916484,Ironclad Resolve,CROOK LLC,≤100
7268844551,Rotary International,ROTARY INTERNATIONAL,≤100
265915710125206,The Nature Conservancy in California,NATURE CONSERVANCY,≤100
104334972240670,Eric Isaac for Judge,Eric Isaac for Judge,≤100
100284648021034,New Tolerance Campaign,New Tolerance Campaign,≤100
266344180585578,Jim Jordan for Congress,JIM JORDAN FOR CONGRESS,≤100
430869277025501,Dr. Nancy O'Reilly,"WOMEN CONNECT4GOOD, INC.",≤100
100816762454995,Justin Patterson for Sheriff 2022,Patterson for Sheriff 2022,≤100
147805958594728,FaithWords,"Hachette Book Group, Inc.",≤100
102362435427686,OnlySky,Only Sky Media Inc.,≤100
150322194563,PASA Primates: Pan African Sanctuary Alliance,PAN AFRICAN SANCTUARIES ALLIANCE,≤100
204626306331350,Up to Us,NET IMPACT,≤100
745910525468062,National Center on Sexual Exploitation,National Center on Sexual Exploitation,≤100
244340776313,VegFund,VegFund Inc,≤100
115326057835839,Henry Stern for L.A. County Supervisor,Stern for Supervisor 2022,≤100
183424985463330,Joe Cunningham,JOE FOR SOUTH CAROLINA,≤100
290548664672,First Liberty,First Liberty Institute,≤100
57673294024,PRAISE 104.1 FM,Urban1,≤100
1534290989956166,The Philanthropy Roundtable,"PHILANTHROPY ROUNDTABLE, THE",≤100
284276275725119,Family Friendly Action Fund,Family Friendly Action Fund,≤100
1820235708204209,Mike Thoms,Thoms for Senate,≤100
2102815743128468,Marty Martinez,Marty for Delegate,≤100
104235371680366,Alex Lasry,LASRY FOR WISCONSIN,≤100
513785465632396,Airline Passengers for Justice,Airline Passengers for Justice,≤100
103686135040773,Ryan Pereira for New Bedford,Pereira Committee,≤100
30090692503,City of West Hollywood Government,City of West Hollywood,≤100
266003946905686,Salmon Beyond Borders,SalmonState,≤100
272716539512166,Cycle for the Cause,"LESBIAN & GAY COMMUNITY SERVICES CENTER, INC.",≤100
32975139631,If Americans Knew,If Americans Knew,≤100
100608787966502,Blue Ripple Politics,ADAM SETH CONNER-SAX,≤100
105471235196785,Clay Wagner for Congress- Conservative Republican,Clay Wagner for Congress,≤100
114994916573293,CareForAllChildren,CareForAllChildren,≤100
334743896979403,Wanika Fisher,Friends of Wanika Fisher,≤100
288369791569,SEIU 721,SEIU Local 721,≤100
269348454714,IMB,"INTERNATIONAL MISSION BOARD OF THE SOUTHERN BAPTIST CONVENTION, THE",≤100
264567480852,Honor and Remember - Official Page,"HONOR AND REMEMBER, INC.",≤100
1662317660757785,Great American Syndicate,Great American Syndicate,≤100
12418921421,SEMA,Specialty Equipment Market Association,≤100
331069170753868,Mary for Illinois,Mary for Illinois,≤100
108117271820740,Alex Gray,ALEX GRAY FOR SENATE,≤100
110316380149,Family Policy Alliance,Family Policy Alliance,≤100
113672614644790,"Yes on A for Marin Parks, Open Space and Farmland",Marin Measure A 2022,≤100
1259773994201462,Dollar Donation Club,DOLLAR DONATION CLUB LTD,≤100
103265735328663,LaToya4Maryland,Friends of Latoya Nkongolo llc,≤100
22067606728,Allen West,The Association of Mature American Citizens Inc,≤100
110095128355165,Hilary Gingold for New York County Surrogate's Court Judge,Hilary Gingold For Surrogate,≤100
110070037953560,Victims.org,Victims Support Group LLC,≤100
127908167292274,Center for Urban Renewal and Education,Center for Urban Renewal and Education,≤100
110484048228624,The Phrygian Cap,Defending Freedom LLC,≤100
30437677949,Adventure Cycling Association,ADVENTURE CYCLING ASSOCIATION,≤100
116898501727,Southeast Alaska Conservation Council,SOUTHEAST ALASKA CONSERVATION COUNCIL,≤100
9432926737,Rewirenewsgroup,Rewire News Group,≤100
108268161352786,Stanley M. Herzog Foundation,Herzog Foundation,≤100
279799525443906,HELPS Nonprofit,HELPS Nonprofit Law Firm,≤100
199510830508053,Melaneyes Media,Melaneyes Media LLC,≤100
284293125336159,Regulatory Transparency Project,FEDERALIST SOCIETY FOR LAW & PUBLIC POLICY STUDIES,≤100
111015066990423,Central Valley Taxpayers Association,Central Valley Taxpayers Association,≤100
192738164073627,A Better Balance,A BETTER BALANCE,≤100
971668776283950,PolicyEd,HOOVER INSTITUTION,≤100
141786816970,Cruise Lines International Association - CLIA,Cruise Lines International Association,≤100
255486647814076,Penguin Kids,Penguin Random House,≤100
7191206138,ASPCA,ASPCA,≤100
105543694706664,Scott Epstein for Los Angeles City Council,Scott Epstein for LA City Council 2022,≤100
760571317346770,Steve Fox for Assembly,Steve Fox For Assembly 2020,≤100
106150231810428,"Melissa S. Myers for State Representative, District 40",Melissa Stefanie Gorman Myers,≤100
144359178921200,Majic 102.3/92.7,Urban1,≤100
102252122442327,House On Fire,The CLEO Institute,≤100
105504345405556,Michael Cassidy for Congress,COMMITTEE TO ELECT MICHAEL CASSIDY,≤100
102696611873936,Baytieh for Judge,Baytieh for Judge,≤100
103672154881509,Blue Slate,Blue Slate,≤100
72073533840,Eric Lucan for Supervisor,Eric Lucan for Supervisor,≤100
1530580173871992,Art Kaskanian - Gardena City Council,Art Kaskanian for Council 2022,≤100
112912573793125,Rise Up for Justice,Avrom L Altman,≤100
115613890351673,Screaming Freedom Apparel,Screaming Freedom Apparel,≤100
12128466831,Amazon Watch,"AMAZON WATCH, INC.",≤100
109697841684769,Virginia Buzz,SPANBERGER FOR CONGRESS,≤100
1376465702586897,Coloradans for Responsible Energy Development,Coloradans for Responsible Energy Development,≤100
205935323631468,Bradley Hawk Steyn,These ads ran without a disclaimer,≤100
143774118973435,Jewish Federation of Greater Pittsburgh,JEWISH FEDERATION OF GREATER PITTSBURGH,≤100
201956993160690,MRCTV,MEDIA RESEARCH CENTER,≤100
109748660821862,The Los Angeles Alliance For Human Rights,LA Alliance for Human Rights,≤100
111829490992955,Chiquita Jackson for MD-22,Chiquita Jackson for MD 22,≤100
172063494630440,"Jose Preciado for Chula Vista City Council, District 2",Preciado for City Council 2022,≤100
210063369158387,DomesticShelters.org,Theresa's Fund,≤100
102931712420431,Realtors for Steel,National Association of REALTORS®,≤100
102413723172970,Nick Adams,Nick Adams,≤100
100349018659045,Norie For Mission Mayor,Norie For Mission,≤100
112515694800376,America First Patriots,Tomer Barazani,≤100
110459014415315,Candace,The Daily Wire,≤100
78420171887,Sailors for the Sea,OCEANA INC,≤100
97586699504,Environmental Film Festival in the Nation's Capital,ENVIRONMENTAL FILM FESTIVAL IN THE NATIONS CAPITAL,≤100
163302087408673,Stop The Donald,Stop the Donald,≤100
102851832441142,Vote Schubert for Attorney General,Peace Officers Research Association of California (PORAC) Statewide Independent Expenditure Committee.,≤100
101374728149342,A Starting Point,A Starting Point LLC,≤100
151119378313327,Tony Evers,Tony for Wisconsin,≤100
747783932079184,Jared Golden for Congress,COMMITTEE TO ELECT JARED GOLDEN,≤100
1571132936490223,JewBelong,JEWBELONG INC.,≤100
100794735723628,Nabeela Syed for State Rep,Friends & Family of Nabeela Syed,≤100
386305465057247,Liberty Nation,Liberty Nation,≤100
602074469965571,Plan C,NATIONAL WOMENS HEALTH NETWORK,≤100
112735922758892,Charlie Kirk,Salem Media Group,≤100
100710759119069,Blue Planet Ecosystem,Blue Planet Ecosystem,≤100
223037094382846,She Is Safe,SHE IS SAFE INC,≤100
331037760381749,Sierra Magazine,SIERRA CLUB,≤100
108310235885897,Haymarket Books,"CENTER FOR ECONOMIC RESEARCH AND SOCIAL CHANGE, INC. THE",≤100
282728185140429,Rep For Vets,The Rep For Vets,≤100
109969517842655,Voter PAC,Voter PAC,≤100
102529627943579,Make Penny Stocks Great Again,Link Media LLC,≤100
287011828006562,Nashville Tea Party,Nashville Tea Party,≤100
380884168648080,Population Research Institute,POPULATION RESEARCH INSTITUTE,≤100
101581948939340,Kate Pynoos for City Council,Kate Pynoos for Los Angeles City Council 2022,≤100
104253615152700,America First Legal,America First Legal Foundation,≤100
100856721412114,Elen Asatryan,Elen Asatryan City Council 2022,≤100
497023064072279,Pedro Israel Orta,Pedro Israel Orta Evangelistic Association,≤100
304492001817,Emma's Revolution,Sandra Elaine Opatow,≤100
1546382802339728,Diana DiZoglio,Committee to Elect Diana DiZoglio,≤100
349702751902673,Hereditary Angioedema Association - HAEA,HEREDITARY ANGIOEDEMA ASSOCIATION INC.,≤100
199891603386344,Common Ground Committee,Common Ground Committee,≤100
157521957980788,Reimagining the Civic Commons,Reimagining the Civic Commons,≤100
58736997707,Marco Rubio,Marco Rubio for Senate,≤100
1432294810337971,Something Anything Radio,Carl R Watts,≤100
180998092093582,Ben Sorensen - Fort Lauderdale,BEN SORENSEN FOR CONGRESS,≤100
20612127118,North Carolina Democratic Party,North Carolina Democratic Party,≤100
514649125971110,EDF Action Votes,EDF Action Votes INC,≤100
102348718970238,Jan Kulmann,JAN FOR CONGRESS,≤100
1049573471767276,The Guardian Fund,THE GUARDIAN FUND,≤100
100913694925880,"Akalan Law Firm, PLLC","Akalan Law Firm, PLLC",≤100
1915080758747862,"Lorna Phillips Forde - Candidate, Montgomery County Council District 2",Friends of Lorna Phillips Forde,≤100
299797523856182,Josie Tomkow,Josie Tomkow Campaign,≤100
104504438466,Federal Voting Assistance Program - FVAP,Federal Voting Assistance Program,≤100
169042736456594,All Out,All Out Action Fund.,≤100
375795763222090,Dr. Treasure Ortiz for Mayor of San Bernardino 2022,Dr. Treasure Ortiz for Mayor 2022 FPPC #1436684,≤100
123624513983,The Western Journal,The Western Journal,≤100
186977768011413,Ironworkers Rising,"International Association of Bridge, Structural, Ornamental, and Reinforcing Iron Workers",≤100
255062275778,Tim Tebow Foundation,TIM TEBOW FOUNDATION,≤100
108241614827115,Elizabeth Chien-Hale For San Jose City Council,Elizabeth Chien-Hale for San Jose City Council,≤100
163162542495943,David Alexis For Brooklyn,David for State Senate,≤100
100681118896465,Workplace Promise Institute,WHISTLEBLOWERS OF AMERICA,≤100
138421929515650,Delaware Republican Party,REPUBLICAN STATE COMMITTEE OF DELAWARE,≤100
50822254585,Mountain States Legal Foundation,Mountain States Legal Foundation,≤100
142161905817424,AMAC - The Association of Mature American Citizens,The Association of Mature American Citizens Inc,≤100
104101615052090,Wellow,Moop Labs Inc.,≤100
108756121699600,Brandon S Newman,Brandon Scott Newman,≤100
162069790604,AARP Arizona,AARP,≤100
18079407397,CPAC 2022,AMERICAN CONSERVATIVE UNION,≤100
407902639235640,JNS.org,Jewish News Syndicate,≤100
101770425734652,Merritt Hale,FRIENDS OF MERRITT HALE,≤100
322870825821,Macmillan Audio,"HOLTZBRINCK PUBLISHERS, LLC",≤100
104196638061918,CarbonCollective,Carbon Collective,≤100
108484985176966,"Cabana, Myers, and Neibart for Morris County",Neibart for Morris County,≤100
191975737491988,Jennifer Wexton,WEXTON FOR CONGRESS,≤100
217187838327836,The Story Exchange,The Story Exchange Foundation,≤100
105298948314140,Faith Always Works,These ads ran without a disclaimer,≤100
101513908193475,Manny Kess,Manny For Nevada,≤100
286020114815456,County of Volusia,County of Volusia,≤100
104442088675809,Amane for Congress,AMANE FOR CONGRESS,≤100
1390478517920300,Daniel Koroma for Montgomery County Council District 5,Friends of Daniel Koroma,≤100
104760111911291,Dear President Trump,Philip A Harris,≤100
118052555397,Trinity Church Wall Street,Trinity Church Wall Street,≤100
115985765081573,Campaign Legal Center,"CAMPAIGN LEGAL CENTER, INC, THE",≤100
341828139690,Heritage Defense,Heritage Defense,≤100
104057485639210,Connie Leyva Doesn't Listen,California Real Estate Independent Expenditure Committee – California Association of REALTORS®. Not authorized by a candidate or a committee controlled by a candidate.,≤100
30079936984,CWS,"CHURCH WORLD SERVICE, INC.",≤100
1881534942159746,Comedian Jeremy Nunes,Front Porch Entertainment Inc,≤100
100537089311344,Catalyst Housing Group,Catalyst Housing Group,≤100
18813753280,Human Rights Campaign,Human Rights Campaign Foundation,≤100
112405574620852,Patricia For Vermont,Patricia Preston for Vermont,≤100
100692068471118,Explain America,Apse Media LLC,≤100
10803722213,Common Cause,COMMON CAUSE,≤100
102197735223862,Rodriguez Consulting & Services LLC,Rodriguez Consulting and Services LLC,≤100
117270568319993,NYSUT - A Union of Professionals,New York State United Teachers,≤100
29770886815,Marijuana Policy Project,MARIJUANA POLICY PROJECT,≤100
201446296572389,Compassion in World Farming (USA),Compassion in World Farming Inc,≤100
254943996005,Catholic Answers,"CATHOLIC ANSWERS, INC.",≤100
192771954102960,Jordan Sekulow,American Center for Law and Justice,≤100
1653885501501009,Propeller,Propeller Enterprises,≤100
102047708815195,The Putting Moms First Project,Hannah Marie Ming,≤100
1061240530648502,Joe E. Collins III,JOE COLLINS FOR CONGRESS,≤100
104728218668761,Kirkmeyer for Congress,KIRKMEYER FOR CONGRESS,≤100
134696280446,Central Pennsylvania Food Bank,CENTRAL PENNSYLVANIA FOOD BANK,≤100
449532451834913,Fishers Finery,Fishers Finery,≤100
390079948412508,Angry Dad,Nathan Roberts,≤100
100451008718644,Joe Lisuzzo,Lisuzzo Senate 2022,≤100
928091877203916,Independent Women's Network,Independent Women's Network,≤100
296560433053,"Return To Freedom, Wild Horse Conservation",RETURN TO FREEDOM SANCTUA,≤100
110601798298544,The Active Citizens,Robert Wolfgang Delaplain,≤100
108060587996013,Joe Kent for Congress WA-03,JOE KENT FOR CONGRESS,≤100
173866611160,United Spinal Association,"UNITED SPINAL ASSOCIATION, INC.",≤100
131994543867785,New Nationalism.com,Robert Woodward Claude,≤100
100318064774222,"Kim Nguyen for Orange County Supervisor, District 2",Kim Bernice Nguyen for Orange County Supervisor,≤100
102771262126107,Daniel Hertzberg for State Senate,Daniel Hertzberg for Senate 2022,≤100
103789661901371,"Andrew M. Crockett, CPA",Elect Andrew Crockett Santa Clara County Assessor 2022,≤100
156994304362574,American Bridge 21st Century,AMERICAN BRIDGE 21ST CENTURY,≤100
2312011982148951,Freedom Fatigues,These ads ran without a disclaimer,≤100
111325557251842,We're Doing It All Wrong,Edward Allen Dixon,≤100
126607644216628,Erik Nasarenko for District Attorney,Erik Nasarenko for DA,≤100
104828538775633,Elect Sharon Bolos,Sharon Bolos Campaign,≤100
103890201865069,Joe Lombardo for Governor,Lombardo for Governor,≤100
104346848852122,Al Hodges for Greenville County Treasurer,Al Hodges for Greenville County Treasurer,≤100
2007361039550045,"Center for Free, Fair, and Accountable Democracy","CENTER FOR FREE, FAIR, AND ACCOUNTABLE DEMOCRACY, INC.",≤100
108650400954148,Stopping Socialism TV,The Heartland Institute,≤100
109976775025508,Fair Share for Massachusetts,RAISE UP MASSACHUSETTS 2022,≤100
58019237565,Tan Parker,Tan Parker Campaign,≤100
407664862957433,Ammar Campa-Najjar,AMMAR CAMPA-NAJJAR FOR MAYOR 2022,≤100
109201268308861,Dr. Joni for Long Beach City Council - District 9,Oddie for Council 2022,≤100
296093157932840,The Fulcrum,The Fulcrum,≤100
1639262936323284,Angelique Ashby for State Senate,Angelique Ashby for Senate 2022,≤100
1361240077226182,Seth Weathers,Michael Seth Weathers,≤100
194424900708583,Tony Madrigal,Madrigal for Supervisor 2022,≤100
108266445888054,Patriot Academy,TORCH OF FREEDOM FOUNDATION,≤100
202200909969136,Diane Dixon,Diane Dixon for Assembly 2022,≤100
105155545186714,"Stand Up for Property Rights, Big Woods and Wetlands","Stand Up For Property Rights, Big Woods and Wetlands",≤100
24982445498,"ProQuest, Part of Clarivate",PROQUEST LLC,≤100
109467094912730,No Way Greenway 2022,No Way Greenway,≤100
101895018229248,Boone County Republican Central Committee,Boone County Republican Central Committiee,≤100
113451652001328,Harvest Rock Church,HARVEST ROCK CHURCH,≤100
100496169211236,Carter Barrett for State House,CARTER BARRETT FOR STATE HOUSE,≤100
116792115177841,Megan Kerr,Megan Kerr for City Council 2022,≤100
214061167976,El Tiempo Latino,Center for Community Change Action,≤100
113223650193301,MAGA Revolution,Apse Media LLC,≤100
114483080839796,Colossal Biosciences,Colossal Biosciences,≤100
780941275347834,Ilhan Omar,THE SQUAD VICTORY FUND,≤100
46785153750,National Fair Housing Alliance,National Fair Housing Alliance,≤100
367292494407,AJC - American Jewish Committee,AMERICAN JEWISH COMMITTEE,≤100
112931621406069,"Madeline Pasimio, DDS",Madeline V. Pasimio,≤100
103851564652,Waterkeeper Alliance,WATERKEEPER ALLIANCE INC,≤100
6225522279,Marcy Kaptur,KAPTUR FOR CONGRESS,≤100
56661991371,Woods Hole Oceanographic Institution (WHOI),Woods Hole Oceanographic Institution,≤100
568103006940639,Law Office of Gary J. Kim,Law Offices of Gary J. Kim,≤100
38882699096,Polaris,Polaris with Facebook Ad Credits,≤100
106973561726223,Dunn For Iowa House,Dunn For Iowa Committee,≤100
17548474116,Reason Magazine,"REASON FOUNDATION, THE",≤100
101400032438085,The A-Mark Foundation,A MARK FOUNDATION,≤100
293225127381200,Patriot Depot,The Patriot Depot,≤100
346612865750115,Korea Defense Veterans Association,Korea Defense Veterans Association,≤100
1747132688647028,Democratic Association of Secretaries of State,Democratic Association of Secretaries of State,≤100
11006419356,The Voice of the Martyrs - USA,"VOICE OF THE MARTYRS, INC., THE",≤100
1497862917203390,Heterodox Academy,Heterodox Academy,≤100
1996971637047489,"ProQuest Schools & Communities, Part of Clarivate",PROQUEST LLC,≤100
7515233409,"Mikey Weinstein, MRFF",MILITARY RELIGIOUS FREEDOM FOUNDATION,≤100
1359505927455440,Global Health NOW,Johns Hopkins Bloomberg School of Public Health,≤100
135136843854946,Abdelnasser Rashid,RASHID FOR ILLINOIS,≤100
103685931168582,Kvarøy Arctic Salmon,Kvaroy Arctic Salmon USA,≤100
378347615979847,Re-Elect Mike Hestrin District Attorney 2022,Mike Hestrin for District Attorney 2022,≤100
102511694998244,Genocide Prevention in Ethiopia,These ads ran without a disclaimer,≤100
107356708329311,Liberty Lover News,William Gordan Tanner,≤100
953410628170456,Allhealthgo,South Florida PBS,≤100
389096331144686,Friends of Sinn Féin USA,FRIENDS OF SINN FEIN INC,≤100
999271353449574,Chirla ActionFund,These ads ran without a disclaimer,≤100
499379343409991,Impact Fund,"IMPACT FUND, THE",≤100
256827604403,David Rogers,David Rogers for Supervisor,≤100
108433238844,CWEB,CWEB Inc.,≤100
111298358062755,Wes Moore for Maryland,Wes Moore for Maryland,≤100
100271485189290,National Victory Action Fund,National Victory Action Fund,≤100
101716172441500,Brennan Center en Español,"WILLIAM J. BRENNAN CENTER FOR JUSTICE, INC.",≤100
113202014337897,Defending American Liberty,Defending American Liberty,≤100
1628686684060214,Ozzie Fumo,Committee To Elect Ozzie Fumo,≤100
337996667002595,Noaral com,These ads ran without a disclaimer,≤100
487016711675518,Roberto Uranga,Roberto Uranga for City Council 2022,≤100
148283301869985,Many Hopes,ONE HOME MANY HOPES INC,≤100
745304825534862,Steve Scalise,Team Scalise,≤100
109769864735092,Peter Ortiz for City Council,Peter Ortiz for San Jose City Council District 5 2022,≤100
308353252483,Kristi Noem,Kristi for Governor,≤100
1256218774533782,Braven Environmental,Braven Environmental,≤100
102862295673242,Simon Silva For Chula Vista City Attorney,Simon Silva for Chula Vista City Attorney,≤100
108005297250204,Meditate With Cynthia,These ads ran without a disclaimer,≤100
111612091415507,Ana Valencia For Assembly 2022,Ana Valencia for State Assembly 2022,≤100
101501768597429,Julia Letlow,Julia Letlow for Congress,≤100
210820618956311,Community Change Action,Community Change Action,≤100
108873101593827,Dr. Annie Andrews,DR. ANNIE ANDREWS FOR CONGRESS,≤100
107481860660975,Fatima Iqbal-Zubair for State Assembly 65,Fatima Iqbal-Zubair for Assembly 2022,≤100
936968016365794,The Eric Metaxas Radio Show,Salem Media,≤100
196395247518,Ned Lamont,NED FOR CT,≤100
101204378825808,Fight the Right,FIGHT THE RIGHT PAC,≤100
0,Instagram User 4387076792,These ads ran without a disclaimer,≤100
1219895884702640,Popcorn for the People,LET'S WORK FOR GOOD,≤100
26006662641,Arizona Democratic Party,Arizona Democratic Party,≤100
12692786774,The ALS Association,These ads ran without a disclaimer,≤100
2404918886457444,Mariela Salgado for Long Beach City Council,Salgado for Long Beach City Council 2022,≤100
128551641258085,Melanie Stansbury,Melanie For New Mexico,≤100
186097812110,BioNJ,BIONJ INC,≤100
104482607996255,Discourse Magazine,MERCATUS CENTER INC,≤100
1387793531459896,Hugh Weathers,ELECT WEATHERS AGRICULTURE COMMISSIONER,≤100
14038292386,Women for Women International,WOMEN FOR WOMEN INTERNATIONAL,≤100
106546698672430,"Safe, Strong Torrance",Safe Strong Torrance Yes on SST,≤100
114176114626809,Realtors for Danny Davis,National Association of REALTORS®,≤100
151831768195685,Santa Cruz County Friends of the Rail & Trail (FORT),Santa Cruz County Friends of the Rail and Trail,≤100
1616728165212478,Environmental Voter Project,"Environmental Voter Project, Inc.",≤100
103152322325281,Elect Wendy Leonard,Elect Wendy Leonard,≤100
61504497057,Children's Hospital New Orleans,"LCMC HEALTH HOLDINGS, INC.",≤100
106557738450944,US Guides. & Resources,Future Tech Product,≤100
1987071268183779,Navod the Nomad,These ads ran without a disclaimer,≤100
100181874686137,Lindsey LaPointe for State Representative - 19th District,Friends of LaPointe,≤100
1503295233268493,Lebowski Lovers,The Dude's Threads,≤100
1706206872929391,Carlyn Obringer,Carlyn Obringer for Supervisor 2022,≤100
228132537208218,Tammy Duckworth,TAMMY FOR ILLINOIS,≤100
226999127329906,New York Immigration Lawyer,Law Office of Alena Shautsova,≤100
69147011528,DonkeyTees.com,Donkey Tees,≤100
114484041246173,Erin Darling for Los Angeles City Council District 11,Erin Darling for City Council 2022,≤100
659878157406228,America's Warrior Partnership,America's Warrior Partnership,≤100
161906957870942,Maryland Poor People's Campaign: A National Call for Moral Revival,Maryland Poor People's Campaign,≤100
111471368242311,Parents and Teachers for Compton Schools,PARENTS & TEACHERS FOR EXCELLENT COMPTON SCHOOLS ID# 1448200,≤100
107108074955638,Heroes Of Liberty,Heroes Of Liberty inc.,≤100
35715544220,Stand.earth,Stand.earth,≤100
85337666730,Republican Governors Association (RGA),REPUBLICAN GOVERNORS ASSOCIATION,≤100
101563185535228,Shrina Kurani for Congress,SHRINA KURANI FOR CONGRESS,≤100
300476911222,Middlesex County Democratic Organization,Scott for Sheriff and Middlesex Dems 2022,≤100
1700346616875396,Bienvenido In Action,BIENVENIDO IN ACTION,≤100
104215118863777,Independent Thinking,Tech Review Products,≤100
282765295135322,The Pray in Jesus Name Project,"GJK, Inc. d/b/a The Pray In Jesus Name Project",≤100
105617524548,Sketchworks Comedy,Sketchworks Industrial Strength Comedy,≤100
115794569798040,Erick Aguilar,ERICK AGUILAR CONGRESSIONAL RACE CANDIDATE,≤100
101626535691142,Tina Blum Cohen for U.S. House of Representatives Texas District 7,TINA BLUM COHEN FOR US HOUSE OF REPRESENTATIVES TEXAS DISTRICT 7,≤100
121239235937198,Maryland Community Colleges United,Maryland Community Colleges United -- SEIU Faculty Forward,≤100
106926408261032,Battleground South,Battleground South,≤100
24834672986,Hip Hop Caucus,HIP HOP CAUCUS EDUCATION FUND,≤100
499361830539556,Nevada Values PAC,Nevada Values PAC,≤100
100794375848556,Len Morrell for NYS Senate,Citizens for Len Morrell,≤100
82238028724,Road Runner Sports,These ads ran without a disclaimer,≤100
102046612029258,Jeff Larner for Madison County Sheriff,Larner for Sheriff,≤100
150442594294,Laura Kelly,Laura Kelly for Kansas,≤100
33699882778,Dr. Bronner's,Dr. Bronner's,≤100
173470656019870,The Daily Yonder,CENTER FOR RURAL STRATEGIES,≤100
107454490912636,Jewish Future Pledge,Jewish Future Pledge Inc,≤100
112090581475514,Nevada Rising,Nevada Rising PAC,≤100
107307395183445,Supervisor Steve Ly,Steve Ly for Supervisor 2022,≤100
927610307291393,Georgette Gómez,Georgette Gomez for Assembly 2022 Special Election,≤100
89757739264,Farm Credit,Farm Credit Council,≤100
1731458707172809,Charters for Change,Elevate Chicago,≤100
37266625280,Marc Molinaro,MARC FOR US,≤100
1036257946417771,Angie Taylor for Assembly 27,Friends of Angie,≤100
105148578683703,Kyle Rittenhouse,AAF Nation,≤100
110274428288444,Denis Bilodeau for Board of Equalization,Bilodeau for Board of Equalization,≤100
6316744206,Jon Tester,MONTANANS FOR TESTER,≤100
233833890695,San Francisco AIDS Foundation,San Francisco AIDS Foundation,≤100
170126260000702,Western Journal US News,The Western Journal,≤100
109091475004269,Alex Walker,WALKER FOR COLORADO,≤100
351782505388518,Luke Macias,Macias Strategies,≤100
486692914677381,Jeff Prang,Jeffrey Prang for Assessor 2022,≤100
362556243875747,Dan Schwartz,Committee to Elect Dan Schwartz,≤100
108285481862016,Save America,Complete Book About Your 2A Rights,≤100
384006901653736,The Moore Charitable Foundation,Moore Charitable Foundation,≤100
204623453392865,Angélica Dueñas for Congress - CA29,ANGELICA DUENAS FOR US,≤100
109465560444254,Roce Today,I-ROCE LLC,≤100
154952582962914,Darius D. Stover - The Stover Group,Family Advantage Plus Group,≤100
203550842430,Mike Lee,FRIENDS OF MIKE LEE INC,≤100
65164129111,AARP California,AARP,≤100
628642814447317,Pastor Brian E Hawkins,Brian Eugene Hawkins,≤100
177821655601210,Emgage,"EMGAGE ACTION, INC.",≤100
104752248405183,CAVPAC,Champion American Values PAC,≤100
102613045636211,Staci Berger for Piscataway Council,Staci Berger for Piscataway Council,≤100
107309208216087,LedeProgress,Lede Progress,≤100
6277148057,Doris Matsui,MATSUI FOR CONGRESS,≤100
203400068371875,Mike Tipping for State Senate,Mike Tipping for State Senate,≤100
31365402722,The Gospel Coalition,"GOSPEL COALITION, INC., THE",≤100
100163978899578,Takona Scauflaire For Congress,TAKONA SCAUFLAIRE FOR CONGRESS TEXAS 6TH DISTRICT,≤100
609392489162556,Pat Bates,Pat Bates For Supervisor,≤100
1682876188698809,United for Respect,United for Respect,≤100
366351973736242,Red Rock Secured,Red Rock Secured,≤100
236770820912505,Charles Graham for Congress,CHARLES GRAHAM FOR CONGRESS,≤100
649662278486235,Stand For Trees,Stand For Trees,≤100
210937299260017,USA Features Media,USA Features Media LLC,≤100
10897453188,Operation Mobilization - OM USA,"OPERATION MOBILIZATION USA, INC.",≤100
100252138745855,Stanford Fraser,Friends of Stanford Fraser,≤100
108023425239218,The Friends of Cynthia A. Johnson,Cynthia Stands for All of Detroit,≤100
1420624851495577,"Susan B. Noyes, Make It Better Media Group Founder",Susan B Noyes,≤100
126893748252841,American Firearms Association,American Firearms Coalition,≤100
199826043375900,Larry Hogan,An America United,≤100
332843176870186,Dr. Tom Sherman,Dr Tom Sherman for Governor,≤100
169204449790211,Conservative News Today,BizPac Review,≤100
44951363957,American Enterprise Institute,American Enterprise Institute,≤100
134312830086,Jimmy Gomez,JIMMY GOMEZ FOR CONGRESS,≤100
100426321829496,Albert Corado,Albert Corado for City Council 2022,≤100
101105282104568,Danielle Hawk for Congress,HAWK FOR THE PEOPLE,≤100
98912141410,American Forests,American Forests,≤100
110664767734423,The Slave Scheme - Eric Krantz,Jane E Krantz,≤100
16317479654,Deseret News,Deseret News,≤100
168876449866088,The Years Project,THE YEARS PROJECT,≤100
106249000192,CME Group,CME GROUP INC.,≤100
134597023235240,Rashida Tlaib,THE SQUAD VICTORY FUND,≤100
70090474914,American Farmland Trust,"AMERICAN FARMLAND TRUST, INC",≤100
109520054693011,Trump Updates,Save America Joint Fundraising Committee,≤100
524399207959953,Truth & Liberty Coalition,Truth & Liberty Coalition,≤100
112600128131825,Ahorros Mayores,Seniors Today USA,≤100
144493206227059,Kali Fox Miller,Elect Kali Fox Miller,≤100
1476342155924546,Big Rig Threads,Big Rig T-Shirts and Decals LLC,≤100
2352630938293825,Mytacticalpromos,Entremax,≤100
1705053933095846,Tom Heck for Governor,Thomas Stuart Heck,≤100
107103661430885,Hydee Feldstein Soto for Los Angeles City Attorney 2022,Hydee Feldstein Soto for City Attorney 2022,≤100
205795426669644,Facts and Logic about the Middle East,Facts and Logic About the Middle East,≤100
429794970538894,JobsOhio,JobsOhio,≤100
108248211758265,Bob Hertzberg for L.A. County Supervisor,Bob Hertzberg for Supervisor 2022,≤100
107553188401159,Brandon Gill,The Boswell Project,≤100
187713745097888,Save the Alamo,Save The Alamo Committee,≤100
108966328194416,Save America,Defending Liberty LLC,≤100
107037438378143,Lead With Gratitude,Stand For Patriots,≤100
723394465079640,The Lion,Stanley M. Herzog Charitable Foundation,≤100
102778131781750,Daniel Ortiz,Ortiz For Ohio,≤100
6817268395,Campus Pride,CAMPUS PRIDE INC,≤100
102459711431164,Center for Voter Information,Center For Voter Information,≤100
246436435527378,Virginia Department of Health,These ads ran without a disclaimer,≤100
483373685140527,Birthright Israel Foundation,"BIRTHRIGHT ISRAEL FOUNDATION, THE",≤100
101481584557260,Help Asheville Bears-HAB,Heather Christina Williams,≤100
101543062198383,Dawn Pulliam for County Council,Friends of Dawn Pulliam,≤100
304600892905134,Hillsdale College Online Courses,HILLSDALE COLLEGE,≤100
401757013244289,The Kari Lake,Lake For AZ,≤100
100429405881310,Conservative Americans,The Boswell Project,≤100
107816471722646,Carolina Chavez for Chula Vista City Council,Carolina Chavez for Chula Vista City Council 2022 |,≤100
246491525549550,Ed Post,Education Post,≤100
101445435512612,"Coalition for Public Safety Reform, Training and Transparency","Coalition for Public Safety Reform, Training and Transparency",≤100
100113865706707,ADF Generational Wins Prayer Initiative,ALLIANCE DEFENSE FUND INC,≤100
12177095451,El Planeta,MASTV EL PLANETA LLC,≤100
655374504522811,"Pamela Price, Alameda County District Attorney Candidate","Pamela Price for Alameda County DA 2022, FPPC #1395288",≤100
279798632466565,Vivian Moreno,San Diego Democratic Party,≤100
166194476728392,Center Street,"Hachette Book Group, Inc.",≤100
106335427833902,Shebreh Kalantari-Johnson for Santa Cruz County Supervisor,Shebreh Kalantari-Johnson for Santa Cruz City Council 2020,≤100
337038226473839,Trish Regan,"SALEM MEDIA GROUP, INC.",≤100
104308875463441,Liz Ortega for Assembly,Liz Ortega for Assembly,≤100
7735858972,Humane Society Legislative Fund,Humane Society Legislative Fund,≤100
82223469060,ACN - Aid to the Church in Need,"AID TO THE CHURCH IN NEED, INC.",≤100
166885010051599,"Landerholm Immigration, APC","Landerholm Immigration, A.P.C.",≤100
659894957399226,Reclaim13,COMPASSIONATE COMMUNITIES FOR CHILDREN,≤100
104247831627001,Harrison Rogers,HJR Global LLC,≤100
2321993911380376,Dr. Patricia Campos Medina,Cristina A Pinzon,≤100
119707748062556,Ron Johnson,"RON JOHNSON FOR SENATE, INC",≤100
791060984430263,Nelson Esparza,Esparza for Fresno City Council 2022,≤100
111474151338202,Committee to Elect Kari MacRae,MacRae committee,≤100
459463784107416,Eli Nicolosi,Eli Angelo Nicolosi,≤100
747436915270894,Congressional Leadership Fund,CONGRESSIONAL LEADERSHIP FUND,≤100
107863525217905,Amanda Blau for RI House District 30,Friends of Amanda Blau,≤100
367292494407,AJC - American Jewish Committee,These ads ran without a disclaimer,≤100
101855711988261,Disrupt Human Trafficking,Disrupt Human Trafficking,≤100
351193978049,Alaskans Together For Equality,Alaskans Together For Equality,≤100
1723654234563693,Joe Patterson,Joe Patterson for Assembly 2022,≤100
102454465463361,Chima for Congress,CHIMA FOR CONGRESS,≤100
312168682119,The Commonwealth Institute For Fiscal Analysis,"COMMONWEALTH INSTITUTE FOR FISCAL ANALYSIS, THE",≤100
669300699787687,Ron Watson for Maryland,Friends of Ron Watson,≤100
100548345633726,Community Conversations,Community Conversations: A Project for America,≤100
103709778757084,The American Way,American Refi Help,≤100
14851158643,Southern Utah Wilderness Alliance,Southern Utah Wilderness Alliance,≤100
103869498341565,The Juneteenth Foundation,The Juneteenth Foundation,≤100
100531408739695,Shervin Aazami for Congress - CA32,SHERVIN AAZAMI FOR CONGRESS,≤100
28126338304,Surfrider Foundation,"SURFRIDER FOUNDATION, INC",≤100
91346559231,Democratic Legislative Campaign Committee - DLCC,Democratic Legislative Campaign Committee,≤100
750121728449001,Rebuild SoCal,Rebuild SoCal Partnership,≤100
33110852384,Doctors Without Borders/Médecins Sans Frontières (MSF),These ads ran without a disclaimer,≤100
339432396135584,The Exodus Road,The Exodus Road,≤100
101253125920004,Trails for Truckee - YES on Measure U,"Committee for Trails – Yes on U, FPPC# 1446479",≤100
100392931351292,Northwest RiverPartners,Northwest RiverPartners,≤100
104431545336144,Rick Foster for OC Assessor,Rick Foster for Orange County Assessor 2022,≤100
38234604057,PEN America,PEN AMERICAN CENTER INC,≤100
6547233882,Christopher Smith,Friends of Chris Smith,≤100
369823720382028,Jacob Torgerson for House District 81,Torgerson for Montana,≤100
30618466815,Pacific Legal Foundation,Pacific Legal Foundation,≤100
102559175705300,Wake Up the Sleeping Giant,Michael Scott Hughes,≤100
118671478740432,Solitaire - Grand Harvest,These ads ran without a disclaimer,≤100
497348647140658,Point Source Youth,Point Source Youth,≤100
95426912609,Paola Gianturco Author,Paola Gianturco Author,≤100
1107973016071967,Wesley Hunt,HUNT FOR CONGRESS,≤100
830803146937889,Peace in Schools,Peace in Schools,≤100
59877921429,Lutheran Immigration and Refugee Service,"LUTHERAN IMMIGRATION AND REFUGEE SERVICE, INC.",≤100
108883868335100,Analise Ortiz for the Arizona House of Representatives,Paid for by Analise Ortiz for Arizona. Authorized by Analise Ortiz.,≤100
103872295082295,Kyra's Champions,Kyra's Champions,≤100
1420200111329836,Alan C. Moore,Alan Christopher Moore,≤100
214056228741684,The Justice Party,"Justice Party, Inc",≤100
117592091643709,Tree of Life Ministries｜Evangelism in Israel,Tree of Life Ministries,≤100
1425838477503979,Justin Haskins,The Heartland Institute,≤100
1992069420813302,Mayor Elizabeth Alcantar,Elizabeth Alcantar for Assembly 2022,≤100
161177032727,City of San Antonio - Municipal Government,City of San Antonio,≤100
322732908805,Ohio Citizen Action,OHIO CITIZEN ACTION,≤100
227764782729,AMERICAN - STRONG!,American Strong LLC,≤100
100254848277168,o2 Utah,O2 Utah,≤100
104396194587918,C3 Solutions,Conservative Coalition for Climate Solutions,≤100
108957768444235,Yes on E for Millbrae Schools,"MILLBRAE - SUPPORT OUR SCHOOLS, YES ON E",≤100
103609195401,Horizons National,"HORIZONS NATIONAL STUDENT ENRICHMENT PROGRAM, INC.",≤100
206628262752838,Clayton,CLAYTON HOMES INC,≤100
109607354644430,Kevin Hamm for PSC,Kevin Hamm for PSC,≤100
205238189588054,"Race, Racism and the Law",Professor Vernellia Randall,≤100
503943113445335,Pregnant Choices Medical Clinic,Pregnant Choices,≤100
112642477582238,Mericanaf,AAF Nation,≤100
532667236789883,Shoebear Planet,Dennis I Waters,≤100
5878048748,GlobalGiving,"GLOBALGIVING FOUNDATION, INC.",≤100
104972115482686,"Alma Hernandez for Superior Court Judge, Seat #30",Alma Hernandez for Judge,≤100
220538341415523,The Satanic Temple,THE SATANIC TEMPLE,≤100
1179140112096711,Grace Napolitano for Congress,Napolitano for Congress,≤100
104858688010432,No Left Turn in Education,No Left Turn in Education,≤100
130965453649891,Morris County Republican Committee,Morris County Republican Committee,≤100
126379917403141,UnitedHealthcare Empowering Health,Intersport Inc.,≤100
1639114853033755,Diane Papan,Diane Papan for Assembly 2022,≤100
100119981671668,Blue Senate,BLUE SENATE PAC,≤100
100501399248142,Freedom Key Society,HJR Global,≤100
107326878275017,National Pretrial,National Pretrial,≤100
340645001925,San Diego County Democratic Party,San Diego County Democratic Party,≤100
109303271538720,Mary Todd for Congress,MARY TODD FOR MONTANA,≤100
105911137978626,Sawyer Smith for Stoddard County Prosecuting Attorney,Citizens for Sawyer Smith,≤100
1907921789531594,The History of Black Philadelphia,Gregory L Johnson,≤100
109559378301011,William BJ Hall for Commissioner,William Roosevelt Hall Iii,≤100
107238494780494,Tim McOsker for L.A. City Council,Tim McOsker for City Council 2022,≤100
6334782252,Oceana,OCEANA,≤100
270826723039149,The Coalition to Protect Americas National Parks,"COALITION OF NATIONAL PARK SERVICE RETIREES, INC.",≤100
236744524920470,Net Positive,"Target Marketing Digital Marketing Agency, LLC",≤100
210357995667559,The National Memo,The National Memo,≤100
314121315788033,Stand with Parkland,Stand With Parkland,≤100
148048225348895,Danielle D'Souza Gill,DDG Media LLC,≤100
102151458345790,Born Human Apparel,Cassandra Naldoza,≤100
101252415820183,Veterans Choice,Tech Review Products,≤100
103036958927760,Red Wave,The Boswell Project,≤100
1468904206668109,Brazosport College Community Education,These ads ran without a disclaimer,≤100
104728131848361,Offshore Wind For North Carolina,Southeastern Wind Coalition,≤100
59826489083,SELC,SOUTHERN ENVIRONMENTAL LAW CENTER,≤100
1714453962109575,Michigan Climate Action Network,Michigan Climate Action Network,≤100
2254455051442790,Flag and Cross,Flag & Cross,≤100
118626774835274,Medicare Made Clear,Medicare Made Clear from United Healthcare,≤100
102771646440276,Jesus Christ Savior by Beliefnet,"BN Media, LLC",≤100
109883121341937,Imani Oakley for Congress,Oakley for Congress,≤100
398757490729,The National Network to End Domestic Violence,"NATIONAL NETWORK TO END DOMESTIC VIOLENCE, INC.",≤100
107645227592678,To Which We Belong,Mystic Artists,≤100
182620315479,Plan International USA,Plan International USA,≤100
108118933908193,Next Level Goods,NextlevelGoods LLC,≤100
11918108948,African Wildlife Foundation,AFRICAN WILDLIFE FOUNDATION,≤100
135298176481584,Marine Corps Scholarship Foundation,Marine Corps Scholarship Foundation,≤100
1491589954480806,Ed Butler for TN,Ed Butler,≤100
110519695636906,Meyerland Area Democrats Club,Meyerland Area Democrats Club,≤100
110435914875048,Donald Payne Jr.,PAYNEJR4CONGRESS,≤100
64206021703,National Committee to Preserve Social Security and Medicare,NATIONAL COMMITTE TO PRESERVE SOCIAL SECURITY AND MEDICARE,≤100
0,Instagram User 6524692884,These ads ran without a disclaimer,≤100
166618413413767,Jay Sekulow,American Center for Law and Justice,≤100
100724009217885,Family Veterans Guide,Future Tech Product,≤100
1629844773973592,Gary Chambers Jr.,CHAMBERS FOR LOUISIANA,≤100
242845139551348,GVPedia,GVPEDIA INC,≤100
23875187730,Feeding America,Feeding America,≤100
144850842237429,Independentvoting.org,Independent Voting (IndependentVoting.org),≤100
173913453412212,Re-Elect Michelle Hutchins Mendocino County Superintendent of Schools,Elect Michelle Hutchins County Superintendent 2022,≤100
1274662982558263,Care Is Essential,SEIU,≤100
359477377917,American Federation for Children,American Federation for Children,≤100
508887815910815,BPR,BizPac Review,≤100
221416561801,Thomas B. Fordham Institute,Thomas B. Fordham Institute,≤100
49618959325,Jennifer Brunner,Jennifer Brunner Committee,≤100
101930385197156,Alianza Center,"Alianza Center, Inc.",≤100
402131763219332,James Gallagher,Gallagher for Assembly 2022,≤100
100610975900962,The Convention of States Political Fund,Convention of States Political Fund with regulated funds.,≤100
2584963601575757,Yootopian,The Yootopian,≤100
194626061640,Republican Party of Orange County,Republican Party of Orange County,≤100
494259170754224,Keeping IDentities Safe,KEEPING IDENTITIES SAFE,≤100
177468535761851,Cruelty Free International - United States,Cruelty Free International - United States,≤100
117390304991592,Richard Duncan: Economics in the Age of Paper Money,Target Marketing Digital LLC,≤100
248262725706461,Power The Future,Power The Future Inc,≤100
105159868790586,Jess Self for Assembly,Self for Assembly 2022,≤100
104916968538177,TIS 이주공사,TIS VISA CORPORATION,≤100
318551944941774,Patty Pansing Brooks,PATTY FOR CONGRESS,≤100
100535808394168,Patriots For Freedom,I Love My Freedom,≤100
38236386996,LSU Press,LSU Press,≤100
35787019800,Episcopal Divinity School at Union,Union Theological Seminary,≤100
7427054686,Secular Student Alliance,SECULAR STUDENT ALLIANCE,≤100
243828530569,"Housing Opportunities, Inc.",Housing Opportunities,≤100
110936081620982,Freedom Fight Night,Tomer Barazani,≤100
372577693078008,"Saenz-Garcia Law, PLLC","Saenz-Garcia Law, PLLC",≤100
143088432558550,Annette Taddeo,Taddeo for Governor,≤100
110178681546156,Ryan Eckroth for District 35 Senate,Ryan Eckroth Campaign Fund,≤100
30792325085,Bipartisan Policy Center,"BIPARTISAN POLICY CENTER, INC.",≤100
375742685850856,Firearms Policy Coalition,"FIREARMS POLICY COALITION, INC.",≤100
42872222699,Dana Loesch,The Association of Mature American Citizens Inc,≤100
1854495568137565,Nirva LaFortune for Mayor,Friends of Nirva Rebecca Lafortune,≤100
708677422591042,Kevin Kiley,Kevin Kiley For Congress,≤100
83960796709,Institute for Southern Studies,INSTITUTE FOR SOUTHERN STUDIES INC,≤100
326806805384499,Justice For Veterans,American Freedom Shop,≤100
168111207046729,The Field's Edge,FIELDS EDGE,≤100
125937197447634,ACTA - American Council of Trustees and Alumni,AMERICAN COUNCIL OF TRUSTEES AND ALUMNI,≤100
102805962367538,Michelle for DeKalb,Michelle for DeKalb,≤100
201715813977600,Nikki Fried,"Nikki Fried, Democrat, for Governor",≤100
106315901551850,The U.S. Concealed Carry Association for Saving Lives,U.S. Concealed Carry Association For Saving Lives. Not Authorized By Any Candidate Or Candidate's Committee.,≤100
110961274945047,"Families for Lower Electricity Rates & Accountability""",Families for Lower Electricity Rates & Accountability,≤100
1659839120934140,OutCare Health,"OUTCARE HEALTH, INC.",≤100
126817605260,Bold Type Books,"Hachette Book Group, Inc.",≤100
386111911530871,Eddie Geller,EDDIE GELLER FOR CONGRESS,≤100
11234736860,McClintock for Congress,McClintock for Congress,≤100
102167902428325,Alameda Forward,Alameda Forward - Yes on B 2022,≤100
87377228013,Side with Love,UNITARIAN UNIVERSALIST ASSOCIATION,≤100
279890513018,Islamic Networks Group - ING,"ISLAMIC NETWORKS, INC.",≤100
101608999164818,Sigala For Assembly,Sigala For Assembly 2022,≤100
131446314153723,Smalldose,These ads ran without a disclaimer,≤100
100607179026941,Of Thee I Sing 1776,Harold Gershowitz,≤100
102750726779234,Evie Joy Music,Evie Joy Music,≤100
317284821682168,Messianic Jewish Alliance of America (MJAA),Messianic Jewish Alliance of America,≤100
1400412163350743,Christy Holstege for State Assembly,Christy Holstege for Assembly 2022,≤100
1553978148244954,Build With Strength,Build With Strength,≤100
305643856459460,Burgess Owens,Burgess 4 Utah,≤100
101427185864750,Moving NY Forward,MOVING NY FORWARD,≤100
404464510410138,Get Smart Politics,Eric Edmund Bohl,≤100
100835851981677,Reprieve US,REPRIEVE US INC,≤100
452797224923658,The Democratic Coalition,THE DEMOCRATIC COALITION,≤100
260754507296508,The Voter Participation Center,Voter Participation Center,≤100
100803378829038,Patriotic American,Americans Patriot,≤100
203197030603239,8 Billion Trees,8 Billion Trees LLC,≤100
19420215926,CNSNews.com,MEDIA RESEARCH CENTER,≤100
112034588053617,Joy Fox for Congress,Joy Fox for Congress,≤100
120564622830569,South Carolina's Conservative Future,South Carolina's Conservative Future,≤100
16900111951,National Organization for Women (NOW),NATIONAL ORGANIZATION FOR WOMEN,≤100
100864208586452,AFGE District 3,"American Federation of Government Employees, District 3",≤100
129064750465027,Women's Earth Alliance,Earth Island Institute,≤100
148337431855825,Houghton Mifflin Harcourt,Houghton Mifflin Harcourt,≤100
59254639983,Boston Medical Center,BOSTON MEDICAL CENTER,≤100
83865976093,Truthout,TRUTHOUT,≤100
105320878769373,Francisco Navarro for Superior Court Judge 2022,Francisco Navarro for Superior Court Judge,≤100
107391351117812,National Women's Law Center Action Fund,National Women's Law Center Action Fund,≤100
169687486427698,Jentezen Franklin,FREE CHAPEL WORSHIP CENTER,≤100
273546779885377,The Gallant Pelham,"delupton, LLC",≤100
109480705106106,Patients First,Patients First,≤100
102315041409283,Horses in our Hands,In our Hands Action Fund,≤100
179511138757688,Carteret County Democratic Party,Carteret Cty Democratic Executive Committee,≤100
101164222515632,The Hopeful Realist,The Hopeful Realist,≤100
208551063368,Dominican Friars of the Province of Saint Joseph,DOMINICAN FOUNDATION,≤100
473191156175163,EDF Action,Environmental Defense Action Fund,≤100
108154714923674,Resilient Healthcare,These ads ran without a disclaimer,≤100
110909394960,Grameen Foundation,GRAMEEN FOUNDATION USA,≤100
178498308568,Human Life International,HUMAN LIFE INTERNATIONAL INC,≤100
7219151423,The Fund for American Studies (TFAS),FUND FOR AMERICAN STUDIES,≤100
101224002310757,Seven Weeks Coffee,Seven Weeks Coffee,≤100
312657362217994,Women's Heart Alliance,Women's Heart Alliance,≤100
110434514826654,"Bray For Bell - For Bell County Commissioner, Precinct 4",Christopher Earl Bray,≤100
473956976508778,The Slowdown,Slowdown Media,≤100
113891694102,Energy Citizens,AMERICAN PETROLEUM INSTITUTE,≤100
248015099034563,Janet Mills,Mills for Maine,≤100
107873971897757,David Graves for Supervisor,Graves for Supervisor 2022,≤100
1464025207184446,Controller Ron Galperin,"Controller Ron Galperin Officeholder Acct 2013 777 S. Figueroa St, Ste 4050, LA, CA 90017 Additional info available at ethics.lacity.org",≤100
97624620788,American Friends of Magen David Adom,AMERICAN FRIENDS OF MAGEN DAVID ADOM,≤100
101418125746564,Lori D. Wilson,Lori Wilson for Assembly 2022,≤100
103156535561120,Pam Lanman Guzzone for State Delegate,People for Pam Guzzone,≤100
103331405588455,Zabner For HD-90,Zabner For Iowa,≤100
64974200999,America-Israel Friendship League,AMERICA-ISRAEL FRIENDSHIP LEAGUE,≤100
664883053648633,Italian Sons and Daughters of America,ITALIAN SONS & DAUGHTERS OF AMERICA INC,≤100
263311807031163,Sasha Issenberg,EmmKay Media,≤100
1459676344160500,Aisha Wahab,Aisha Wahab for State Senate,≤100
107363788552124,Local Solutions Support Center,Local Solutions Support Center,≤100
125308547541274,Something Good with Dr. Ron Jones,"Ron Jones Ministries, Inc. DBA Something Good Radio",≤100
1428755447227803,Defend The Second,Next Level Goods,≤100
96011276891,Heinemann Publishing,Heinemann Publishing,≤100
430964644347524,Campaign Ad-Cloud,Campaign Ad-Cloud,≤100
65620964119,Salt Lake County Democratic Party,Salt Lake County Democratic Party,≤100
2147704042159082,Kendra Horn,Kendra Horn for Senate,≤100
109178105053488,Friends of Carrie Blumert,These ads ran without a disclaimer,≤100
109717227970342,Friends of Judge Sanjay Tailor,Friends of Judge Sanjay Tailor,≤100
82111363485,Better Government Association,"BETTER GOVERNMENT ASSOCIATION, INC.",≤100
1526707030943680,Phoenix Dream Center,City Help Inc of Phoenix dba Phoenix Dream Center,≤100
103530021364583,Carolina Forward,North Carolina Forward,≤100
393052450830634,Razom for Ukraine,"RAZOM, INC.",≤100
45393753416,Alliance Defending Freedom,Alliance Defending Freedom,≤100
163202650462603,Doug LaMalfa,DOUG LAMALFA COMMITTEE,≤100
253507715172780,Andy Levin,ANDY LEVIN FOR CONGRESS,≤100
104657602040321,Truth Media,Truth Media,≤100
106058287863062,Turn Oakland County Green,Turn Oakland County Green,≤100
1581819558516148,Nunn Bush,Weyco Group,≤100
242078112950301,Amy Vilela,AMY VILELA FOR CONGRESS,≤100
8321461609,MomsRising.org,MomsRising Together,≤100
114427505917967,California Center on Teaching Careers,California Center of Teaching Careers,≤100
100262991978586,ThinkMissa,Marissa Christina Hernandez,≤100
290219498590312,Michael LaPierre for U.S. House,LaPierre for House,≤100
349904785020665,Law & Liberty,"Liberty Fund, Inc.",≤100
1517919588502283,Christy Smith for Congress,CHRISTY SMITH FOR CONGRESS,≤100
1570082353262795,YIMBY Action,YIMBY ACTION,≤100
609926319458332,Rep. Dean Phillips,Representative Dean Phillips,≤100
255038014952914,Brianna Westbrook,Brianna Westbrook for Arizona,≤100
102846434825096,Boot Texas Republicans,Boot Texas Republicans,≤100
322431301739747,Neil C Parrott,PARROTT FOR CONGRESS,≤100
104295601633638,American Cornerstone Institute,American Cornerstone Institute Inc,≤100
102748688472759,Parents Defending Education,Parents Defending Education,≤100
103510721077820,Christina Bohannan for Iowa,Christina Bohannan for Congress,≤100
287177021453683,Kevin Muldoon,MULDOON FOR SUPERVISOR,≤100
278434943062355,WellBeing International,"WellBeing International, Inc.",≤100
47086345822,The Praxis Project,PRAXIS PROJECT INC,≤100
1316372698453411,Alexandria Ocasio-Cortez,THE SQUAD VICTORY FUND,≤100
113102696891789,The Feminista,The Feminista,≤100
101831304856606,La Mesa Boricua de Florida,Maruxa D Cardenas,≤100
206180332737727,Bridget Fleming,Bridget Fleming for Congress,≤100
103420761023331,David Kim,DAVID KIM FOR CONGRESS - CA,≤100
123651254408327,Sokolove Law,"Sokolove Law, LLC",≤100
117171636333650,Elect Michael Crowner,Committee to Elect Michael Crowner,≤100
134275060386,DAV,DISABLED AMERICAN VETERANS,≤100
226999127329906,New York Immigration Lawyer,Alena Shautsova,≤100
331681097379867,Kids' Minds Matter,LEE MEMORIAL HEALTH SYSTEM FOUNDATION,≤100
150468198331534,The David Pakman Show,The David Pakman Show,≤100
108292224211585,Artists 4 Long-Term Care,These ads ran without a disclaimer,≤100
114000234614859,1962 PAC,1962 PAC,≤100
665345483483486,NRA - National Rifle Association of America,NATIONAL RIFLE ASSN OF AMERICA,≤100
110468488981853,UNRWA USA,UNRWA USA,≤100
2392327931036570,BRIGHTMARK,Brightmark,≤100
345378512258813,Elise Stefanik,ELISE FOR CONGRESS,≤100
152127834816814,Thomas McDermott Jr.,MCDERMOTT FOR INDIANA,≤100
268736320670543,Cavadas & Bowser for Union Township Committee,CTE Cavadas & Bowser,≤100
6240652407,Young America's Foundation,YOUNG AMERICA'S FOUNDATION INC,≤100
168109446538119,St. Martin's Press,Macmillan Publishing,≤100
64423413086,The Four Winds Society,These ads ran without a disclaimer,≤100
115518893453702,BrightAction,Climate Solutions Net,≤100
120778038066631,EveryLibrary,EveryLibrary,≤100
817567028361575,The Halcyon Movement,The halcyon movement,≤100
101365935730371,Judge John Noverini,Citizens for Noverini,≤100
43853729859,Campaigns & Elections,Political World Communications,≤100
158505287559920,Save the Storks,Save the Storks,≤100
109500264607775,Ebony For Judge,Ebony M. Turner for Judge Campaign,≤100
34992314695,National Center for Public Policy Research,NATIONAL CENTER FOR PUBLIC POLICY RESEARCH,≤100
143173285763,Tenth Amendment Center,Tenth Amendment Center,≤100
391507604614122,National Museum of American Religion,NMAR INC,≤100
59543893235,National Constitution Center,National Constitution Center,≤100
105782847823987,Invite Resources,St. Andrew United Methodist Church,≤100
102326269134643,Yes on H - Davis,Yes on Measure H,≤100
108655464941854,Kathleen Brown,KATHLEEN FOR CONGRESS,≤100
143981748956175,Rural Assembly,Rural Assembly,≤100
80392814444,Parents Television and Media Council,"PARENTS TELEVISION COUNCIL, INC.",≤100
100992801635617,Conservative-American.org,Conservative American Strategies,≤100
384676381708957,Education NC,Education NC,≤100
104182222225110,Change the Narrative,Change the Narrative,≤100
103724108992441,Katy Young Yaroslavsky for City Council,KATY YOUNG YAROSLAVSKY FOR CITY COUNCIL 2022,≤100
100289605857598,United Solutions,United Solutions,≤100
28446275521,Military Officers Association of America (MOAA),Military Officers Association of America,≤100
244246108956898,San Diego Democrats for Equality,San Diego Democratic Club - State,≤100
362926986863,Dusty Johnson for Congress,FRIENDS OF DUSTY JOHNSON,≤100
1122426611145321,Downey Mayor Blanca Pacheco for State Assembly,Blanca Pacheco For Assembly 2022,≤100
330492688348614,Sign4DivestingMassachusetts,Sign 4 Divesting Ma,≤100
887139178003592,The Dean Obeidallah Show,The Dean Obeidallah Show,≤100
106575991953149,Free Country Heritage,Defending Freedom LLC,≤100
86141702716,Pasado's Safe Haven,PASADOS SAFE HAVEN,≤100
46347342434,EMILY's List,EMILY'S LIST,≤100
60865633726,Love Justice International,TINY HANDS INTERNATIONAL,≤100
339316429553582,Omar Aquino,Senator Omar Aquino,≤100
103375628943529,Adam Frisch,Adam for Colorado,≤100