﻿Page ID,Page name,Disclaimer,Amount spent (USD)
405036766556129,Lou and Josh 2022,Committee to Re-Elect Leon Guerrero & Tenorio,589
109066018392018,Responsible Guam PAC,Responsible Guam PAC,194
629062130882339,Congressman Michael F.Q. San Nicolas - Guam,United States House of Representatives,≤100
398757490729,The National Network to End Domestic Violence,"NATIONAL NETWORK TO END DOMESTIC VIOLENCE, INC.",≤100
111006106975721,Celebration of Asher's Life,David J. Lubofsky,≤100
150845118287330,Vice Speaker Tina Rose Muña Barnes,Chirag Mohan Bhojwani,≤100
101301278284850,Ken Leon Guerrero for Senator,Ken Leon Guerrero for Senator,≤100
101660089132919,Scanner,These ads ran without a disclaimer,≤100
103659765532260,華夏focus,These ads ran without a disclaimer,≤100