﻿Page ID,Page name,Disclaimer,Amount spent (USD)
100341625495881,Tumbaeltumbe,"BPUMF, LLC",338
406817633095999,William E. Miranda Torres,Municipio Autónomo de Caguas,≤100
115195631833717,NAHREP The National Association of Hispanic Real Estate Professionals,NATIONAL ASSOCIATION OF HISPANIC REAL ESTATE PROFESSIONALS,≤100
1710579622504488,Centro Crece,Ianice Viel Santiago,≤100
100954334587083,Alejandro Martínez Alcalde Humacao 2022,Karol Enid Carrasquillo Rodriguez,≤100
339810463063059,Conflict Of Nations : World War 3,These ads ran without a disclaimer,≤100
683288532059718,H&H Solar,These ads ran without a disclaimer,≤100
157354480893,Municipio Autónomo de Caguas,Municipio Autónomo de Caguas,≤100
186977768011413,Ironworkers Rising,"International Association of Bridge, Structural, Ornamental, and Reinforcing Iron Workers",≤100
383677738397139,Association for Accessible Medicines,Association for Accessible Medicines,≤100
349702751902673,Hereditary Angioedema Association - HAEA,HEREDITARY ANGIOEDEMA ASSOCIATION INC.,≤100
290980968206977,GameDay News,These ads ran without a disclaimer,≤100
1547457055530916,Comité  Pip Cayey Oficial,Comité Pip Cayey Oficial,≤100
104760636770,Vera Institute of Justice,"VERA INSTITUTE OF JUSTICE, INC.",≤100
324828494307293,Jorge J. González 2024,Jorge J. González,≤100
101660089132919,Scanner,These ads ran without a disclaimer,≤100
1238173096287495,Azur Games,These ads ran without a disclaimer,≤100
200990963441531,Boredom Therapy,These ads ran without a disclaimer,≤100