﻿Page ID,Page name,Disclaimer,Amount spent (USD)
152759126824,Enbridge,Enbridge Inc.,299
116387351057286,American Experiment North Dakota,CENTER OF THE AMERICAN EXPERIMENT,180
169440273093442,The Center for Election Science,The Center for Election Science,166
113440686782377,Prairie Action ND,Prairie Action ND,166
108774614054683,American Edge Project,American Edge,≤100
127225910653607,PragerU,PragerU,≤100
203805062990264,Ben Shapiro,The Daily Wire,≤100
100996105931390,Michael Borgie,"OFF THE WALL ADVERTISING, INC.",≤100
401025113606192,Reform Fargo,Reform North Dakota,≤100
123192635089,GOP,REPUBLICAN NATIONAL COMMITTEE,≤100
342294162453301,Planned Parenthood,Planned Parenthood Federation of America,≤100
6204742571,Sierra Club,SIERRA CLUB,≤100
87186661244,Johns Hopkins Bloomberg School of Public Health,Johns Hopkins Bloomberg School of Public Health,≤100
76470053424,TIAA,TEACHERS INSURANCE AND ANNUITY ASSOCIATION OF AMERICA,≤100
101828156534504,He Gets Us,He Gets Us LLC,≤100
109871338355804,Roscoe Streyle For House District 3,STREYLE FOR HOUSE,≤100
18982436812,ACLU,American Civil Liberties Union,≤100
140357056032320,NEA Today,National Education Association,≤100
100193431550936,Dave Nehring,Friends of Dave Nehring for House of Representatives,≤100
1593518174052711,Candace Owens,Daily Wire,≤100
570092813023833,Matt Walsh,The Daily Wire,≤100
385473284886474,Hillsdale College,Hillsdale College,≤100
20531316728,Facebook App,"Facebook, Inc.",≤100
40217893542,AIPAC,AIPAC,≤100
27544763621,Prison Fellowship,Prison Fellowship,≤100
24330467048,Americans for Prosperity,AMERICANS FOR PROSPERITY,≤100
92925746942,Judicial Watch,Judicial Watch,≤100
194682017710147,Mark Jantzer for Minot City Council,Mark John Jantzer,≤100
140499052681592,Bank of the West,BANK OF THE WEST,≤100
826589080871541,Brandon Prichard for ND,Brandon Prichard,≤100
85337666730,Republican Governors Association (RGA),REPUBLICAN GOVERNORS ASSOCIATION,≤100
1435071773455316,Daily Wire,The Daily Wire,≤100
103218465699663,John Pretzer for D39 House of Representatives,Stephanie Laine Pretzer,≤100
109038602490571,MAK Construction,MAK Construction LLC,≤100
103121022278285,Berg for North Dakota,Berg for North Dakota,≤100
188055037943644,North Dakota Family Alliance,North Dakota Family Alliance,≤100
201248453800242,My Pay My Say,Mackinac Center for Public Policy,≤100
102574018946017,Mike Schmitz for Mayor,Peggy Lee Anderson,≤100
85452072376,Newsmax,"NEWSMAX MEDIA, INC.",≤100
51405613519,Focus on the Family,Focus on the Family,≤100
102383567862577,Brighter Future Alliance,Brighter Future Alliance,≤100
15771560300,Earthjustice,EARTHJUSTICE,≤100
109779178296148,"Erbele, Brandenburg, Grueneich For District 28",EBG For ND,≤100
100104419147228,Do Good Chicken,DO GOOD FOODS LLC,≤100
1461100540775171,The Tuttle Twins,LIBERTAS INSTITUTE,≤100
112642477582238,Mericanaf,AAF Nation,≤100
42872222699,Dana Loesch,The Association of Mature American Citizens Inc,≤100
1398909153765261,Cass County Government,Cass County Government,≤100
49651563727,Live Action,Live Action,≤100
1026660170712879,Damschen for ND House,Damschen for House,≤100
8934429638,Planned Parenthood Action,Planned Parenthood Action Fund,≤100
1883837055193241,Shield Republic,Shield Republic,≤100
304600892905134,Hillsdale College Online Courses,HILLSDALE COLLEGE,≤100
110830918035962,Hagert for North Dakota House District 20,Jared Hagert for ND House,≤100
318196171580489,Ron DeSantis,Friends of Ron DeSantis,≤100
114008535880,Foundation for Individual Rights in Education,FOUNDATION FOR INDIVIDUAL RIGHTS IN EDUCATION,≤100
114710126648118,Republican Dogs,Republican Dogs,≤100
115613890351673,Screaming Freedom Apparel,Screaming Freedom Apparel,≤100
2353537341582545,Proud Patriots,Proud Patriots,≤100
7030901126,Campaign for Tobacco-Free Kids,Campaign for Tobacco-Free Kids,≤100
109396544993347,Save America,Future Tech Product,≤100
7030901126,Campaign for Tobacco-Free Kids,TOBACCO-FREE KIDS ACTION FUND,≤100
69768141104,Education Evolving,EDUCATION EVOLVING,≤100
110256118307410,Robert Erbele For State Senate,Bob Erbele For ND,≤100
11791104453,NRDC,Natural Resources Defense Council,≤100
108394248510589,Murphy For Grand Forks School Board,Murphy Cameron Columbanl,≤100
100992801635617,Conservative-American.org,Conservative American Strategies,≤100
109520054693011,Trump Updates,Save America Joint Fundraising Committee,≤100
111164968015559,The Dakotan,"Informed, LLC",≤100
112425441094454,The Art of the Tweet,The Art of the Tweet LLC,≤100
228754857151053,House Majority PAC,House Majority PAC,≤100
12375354406,USO,United Service Organizations,≤100
100113541464939,Start Early,Start Early,≤100
103565195134756,America First Policy Institute,America First Policy Institute,≤100
104295601633638,American Cornerstone Institute,American Cornerstone Institute Inc,≤100
101922748750414,BRAVE Books,Brave Books LLC,≤100
83290028957,Care Net,CARE NET,≤100
121268821249550,World Central Kitchen,World Central Kitchen,≤100
104895782090176,Olafson for District 10 State Senate,Olafson For Senate,≤100
22067606728,Allen West,The Association of Mature American Citizens Inc,≤100
110022477032429,Admiral Mike Franken,"MICHAEL FRANKEN FOR IOWA, INC",≤100
443329669123990,USAFacts,USAFacts Institute,≤100
829786213807107,"SC Johnson, A Family Company","S. C. Johnson & Son, Inc.",≤100
30914589895,The International Fellowship of Christians and Jews,INTERNATIONAL FELLOWSHIP OF CHRISTIANS & JEWS INC,≤100
43287633515,Action for the Climate Emergency,Action for the Climate Emergency,≤100
305380096638473,Charles Booker,Booker for Kentucky,≤100
7341997111,Conservation International,Conservation International,≤100
376776419037747,Turning Point USA,"Turning Point USA, Inc.",≤100
219242560293,Meals on Wheels America,Meals on Wheels,≤100
134498556891640,Val Demings,Val Demings for U.S. Senate,≤100
106568024842114,Rideshare Assault Support,Select Justice LLC,≤100
184436331580348,Quake Media,Villanova Media Inc. dba Quake Media,≤100
200650357207240,I Love My Freedom,I Love My Freedom,≤100
102391291904684,Marcus Flowers For Congress,Marcus Flowers for Congress,≤100
113553048669158,Rick Scott,RICK SCOTT FOR FLORIDA,≤100
6514736316,Walden University,Walden University,≤100
73528878871,Center for Reproductive Rights,Center for Reproductive Rights,≤100
20787991568,Senate Democrats,DSCC,≤100
580610428636345,Fight for $15,Fight for $15,≤100
163148530407080,Captain Mark Kelly,MARK KELLY FOR SENATE,≤100
100717098661440,Centered: Technology news from the Midwest,FRESH ENERGY,≤100
198024590300902,Josh Shapiro,Josh Shapiro,≤100
38235851310,USA for UNHCR,UNITED STATES ASSOCIATION FOR UNHCR,≤100
471928596287830,Brian Mast,Mast for Congress,≤100
681626158940626,Mission Roll Call,Americas Warrior Partnership,≤100
21375324480,The Heritage Foundation,HERITAGE FOUNDATION (THE),≤100
46093654473,National Republican Congressional Committee,NRCC,≤100
314499212242,Pfizer,Pfizer Inc.,≤100
2602473023098666,Democratic Polling Center,Democratic Governors Association,≤100
115379705206001,U.S. Department of Homeland Security Blue Campaign,U.S Department of Homeland Security Blue Campaign,≤100
100753092597408,Allie Ollenburger for Fargo School Board,Allie4Edu,≤100
102413723172970,Nick Adams,Nick Adams,≤100
102958018774921,Mark Sherwood for Oklahoma Governor,Sherwood 2022,≤100
1780867608827439,H Fisk Johnson,"S. C. Johnson & Son, Inc.",≤100
158791100909689,Concerned Veterans for America,Concerned Veterans for America,≤100
197908256931216,Tim Ryan,TIM RYAN FOR OHIO,≤100
1958912674200535,The Pour Over,Pour Over,≤100
83996318078,Change.org,"Change.org, PBC",≤100
317284821682168,Messianic Jewish Alliance of America (MJAA),Messianic Jewish Alliance of America,≤100
104673965019490,Growing Almonds,ALMOND BOARD OF CALIFORNIA,≤100
309308412520731,Sandy Hook Promise,Sandy Hook Promise,≤100
58736997707,Marco Rubio,Marco Rubio for Senate,≤100
571748412859876,Matt Rosendale,Matt Rosendale for Montana,≤100
290548664672,First Liberty,First Liberty Institute,≤100
214821605377109,Stacey Abrams,Stacey Abrams for Governor,≤100
51052893175,Kevin McCarthy,Leader Kevin McCarthy,≤100
1949064322040283,Principles,"Principles, LLC",≤100
1316372698453411,Alexandria Ocasio-Cortez,Alexandria Ocasio-Cortez for Congress,≤100
34370387440,JDRF,JDRF INTERNATIONAL,≤100
96935476345,Democratic Governors Association (DGA),"Democratic Action, democraticgovernors.org, not authorized by any candidate or candidate's committee.",≤100
8492293163,Environmental Defense Fund,Environmental Defense Fund,≤100
18813753280,Human Rights Campaign,"HUMAN RIGHTS CAMPAIGN, INC",≤100
441242156439675,Jessica Cisneros,Jessica Cisneros for Congress,≤100
107005161695319,Herschel Walker,"TEAM HERSCHEL, INC.",≤100
102916385375901,Branden Krieger for Fargo City Commissioner,Branden Krieger,≤100
53674651369,Susan B. Anthony List,"SUSAN B. ANTHONY LIST, INC.",≤100
197669827395385,Connected Commerce Council,Connected Commerce Council and American Edge Project,≤100
172298889630363,Republican Attorneys General Association,REPUBLICAN ATTORNEYS GENERAL ASSOCIATION,≤100
169597416843751,Stand Up America,Stand Up America,≤100
35169196082,Project HOPE,"PROJECT HOPE-THE PEOPLE-TO-PEOPLE HEALTH FOUNDATION, INC.",≤100
15239367801,The Wilderness Society,"WILDERNESS SOCIETY, THE",≤100
24481937944,Theodore Roosevelt Conservation Partnership,"THEODORE ROOSEVELT CONSERVATION PARTNERSHIP, INC",≤100
104707108563822,RM Offcial USA,The Red Mafia,≤100
101252415820183,Veterans Choice,Tech Review Products,≤100
1632814840319802,John Fetterman,Fetterman for PA,≤100
191195674423572,Great Plains Tribal Leaders Health Board,GREAT PLAINS TRIBAL CHAIRMEN'S HEALTH BOARD,≤100
1428755447227803,Defend The Second,Next Level Goods,≤100
195530355493,Chicks On The Right,The Association of Mature American Citizens Inc,≤100
166618413413767,Jay Sekulow,American Center for Law and Justice,≤100
156968474833352,Stop Republicans,Stop Republicans,≤100
7292655492,MoveOn,MOVEON.ORG CIVIC ACTION,≤100
80562389320,NARAL Pro-Choice America,NARAL PRO-CHOICE AMERICA CORP,≤100
103890201865069,Joe Lombardo for Governor,Lombardo for Governor,≤100
34362997676,United States Holocaust Memorial Museum,UNITED STATES HOLOCAUST MEMORIAL MUSEUM,≤100
105148578683703,Kyle Rittenhouse,AAF Nation,≤100
127755494595870,Progressive Takeover,PROGRESSIVE TAKEOVER,≤100
13885075114,Action Against Hunger USA,ACTION AGAINST HUNGER - USA,≤100
514649125971110,EDF Action Votes,EDF Action Votes INC,≤100
1163811040367180,Food & Water Action,FOOD & WATER ACTION,≤100
38235851310,USA for UNHCR,United States Association for UNHCR with Facebook ad credits,≤100
7263476274,Mercy Corps,Mercy Corps,≤100
107037438378143,Lead With Gratitude,My Free 2nd Amendment Books,≤100
393795797388359,FOUR PAWS,FOUR PAWS INTERNATIONAL INC,≤100
345378512258813,Elise Stefanik,ELISE FOR CONGRESS,≤100
102312854670902,Randy Lemm - ND District 20 Senate,"Friends of Randy Lemm. Jack Hansen, Treasurer.",≤100
5720973755,Defenders of Wildlife,DEFENDERS OF WILDLIFE,≤100
107075448568580,"Pinnow for House-Butte County, Harding County and Northern Perkins County",Pinnow for House,≤100
7292655492,MoveOn,MOVEON.ORG POLITICAL ACTION,≤100
40973310753,Pathfinder International,Pathfinder International,≤100
24470472733,The Trevor Project,The Trevor Project,≤100
542678889114683,The Coca-Cola Company,The Coca-Cola Company,≤100
187005858017014,Climate Power,Climate Power,≤100
59877921429,Lutheran Immigration and Refugee Service,"LUTHERAN IMMIGRATION AND REFUGEE SERVICE, INC.",≤100
30139072158,CARE,"COOPERATIVE FOR ASSISTANCE AND RELIEF EVERYWHERE, INC. (CARE)",≤100
160513344045084,John Neely Kennedy,"John Kennedy for Us, Inc",≤100
6236054211,Brady: United Against Gun Violence,Brady Campaign to Prevent Gun Violence,≤100
349068689306,Tim Scott,Tim Scott for Senate,≤100
134452023239984,Human Coalition,Human Coalition,≤100
665345483483486,NRA - National Rifle Association of America,NATIONAL RIFLE ASSN OF AMERICA,≤100
585942765164217,Elect Democratic Women,ELECT DEMOCRATIC WOMEN,≤100
110802018262856,Freedom Ringing,Hot Review Products,≤100
106940001828073,Scott McCarthy for North Dakota,McCarthy for North Dakota,≤100
428821014132730,Katie Porter,Katie Porter For Congress,≤100
23790541544,Democrats,DCCC,≤100
1445462329016059,Adam Laxalt,LAXALT FOR SENATE,≤100
109111900634787,Reverend Raphael Warnock,WARNOCK FOR GEORGIA,≤100
406456986070332,Matt Gaetz,Friends of Matt Gaetz,≤100
100684991996307,November Coalition,NOVEMBER COALITION,≤100
210820618956311,Community Change Action,Community Change Action,≤100
266344180585578,Jim Jordan for Congress,JIM JORDAN FOR CONGRESS,≤100
108268161352786,Stanley M. Herzog Foundation,Herzog Foundation,≤100
248181906078243,National Institute for Civil Discourse,CommonSense American,≤100
38471053686,Elizabeth Warren,"WARREN DEMOCRATS, INC.",≤100
1640136779635989,We The People Holsters,WeThePeopleHolsters,≤100
119953292796,Jim Banks,"JIM BANKS FOR CONGRESS, INC.",≤100
432373350174612,The Nature Conservancy in Minnesota,NATURE CONSERVANCY,≤100
260713150211,Protect Our Winters,PROTECT OUR WINTERS,≤100
291102898490822,Conservative Comedy Store,Conservative Comedy Store,≤100
203550842430,Mike Lee,FRIENDS OF MIKE LEE INC,≤100
263878310977179,Pete Flores for Texas Senate District 24,Pete Flores Campaign,≤100
302182941354,AARP Advocates,AARP,≤100
284550883338534,Luke Mixon for Louisiana,Luke Mixon for U.S. Senate,≤100
29883711738,Independent Women's Voice,Independent Women's Voice,≤100
114301413446447,The Climate Initiative,Kennebunkport Climate Initiative,≤100
1443127535947107,Save the Children Action Network,Save the Children Action Network,≤100
337038226473839,Trish Regan,"SALEM MEDIA GROUP, INC.",≤100
102966478412572,Congresswoman Michelle Fischbach,Congresswoman Michelle Fischbach,≤100
253507715172780,Andy Levin,ANDY LEVIN FOR CONGRESS,≤100
745910525468062,National Center on Sexual Exploitation,National Center on Sexual Exploitation,≤100
27478282874,UNITE HERE!,UNITE HERE,≤100
294508332028,Lakota People's Law Project,ROMERO INSTITUTE,≤100
18079407397,CPAC 2022,AMERICAN CONSERVATIVE UNION,≤100
70795936969,Children International,CHILDREN INTERNATIONAL,≤100
108534121652566,Internet For Growth,"Interactive Advertising Bureau, Inc.",≤100
2070944712939738,American Police Officers Alliance,American Police Officers Alliance,≤100
181888625087,Greg Abbott,Texans for Greg Abbott,≤100
158505287559920,Save the Storks,Save the Storks,≤100
107831749237075,EBONY,EBONY MEDIA GROUP,≤100
81372493950,POET,"POET, LLC",≤100
108266445888054,Patriot Academy,TORCH OF FREEDOM FOUNDATION,≤100
80770833881,Eagles' Wings,ROBERT STEARNS INTERNATIONAL INC,≤100
206677396413254,Abortion On Our Own Terms,Abortion On Our Own Terms,≤100
53541257714,The Arc of the United States,"ARC OF THE UNITED STATES, INC., THE",≤100
67626834312,National Women's Law Center,National Women's Law Center,≤100
82223469060,ACN - Aid to the Church in Need,"AID TO THE CHURCH IN NEED, INC.",≤100
15503839732,Peter G. Peterson Foundation,Peter G. Peterson Foundation,≤100
25121889784,Texas Public Policy Foundation,Texas Public Policy Foundation,≤100
103337852000267,Steve Hilton’s Rebel Base,CR Productions,≤100
172758932738142,PhRMA,PHARMACEUTICAL RESEARCH AND MANUFACTURERS OF AMERICA,≤100
118303441570966,Homeowner Smart,NATIONAL ASSOCIATION OF REALTORS,≤100
38897314734,Trust for Public Land,"TRUST FOR PUBLIC LAND, THE",≤100
114625730266879,The Republican Accountability Project,Defending Democracy Together,≤100
112936891157255,Joe O'Dea for Colorado,JOE O'DEA FOR SENATE,≤100
107108074955638,Heroes Of Liberty,Heroes Of Liberty inc.,≤100
110882147311664,Nora Lam Worldwide Ministries,Nora Lam Worldwide Ministries,≤100
104752248405183,CAVPAC,Champion American Values PAC,≤100
135298176481584,Marine Corps Scholarship Foundation,Marine Corps Scholarship Foundation,≤100
393932827634250,Dissent Pins,Common Practice,≤100
336861789666063,Liberty Fund,LIBERTY FUND INC,≤100
268409153295131,AARP AAPI Community,AARP,≤100
102592959026,Ocean Conservancy,"OCEAN CONSERVANCY, INC.",≤100
928091877203916,Independent Women's Network,Independent Women's Network,≤100
113102696891789,The Feminista,The Feminista,≤100
1615018905412860,Progressive Turnout Project,PROGRESSIVE TURNOUT PROJECT,≤100
828902563856302,Chuck Schumer D-NY,FRIENDS OF SCHUMER,≤100
109295990419284,Esther For Congress,ESTHER FOR CONGRESS,≤100
124506846628,Agape International Missions,AGAPE INTERNATIONAL MISSIONS,≤100
103482538845527,The Blue State Conservative,Home of the Brave Media LLC,≤100
29717379728,International Justice Mission,International Justice Mission,≤100
100852874648291,Mighty Michigan,American Culture,≤100
106315901551850,The U.S. Concealed Carry Association for Saving Lives,U.S. Concealed Carry Association For Saving Lives. Not Authorized By Any Candidate Or Candidate's Committee.,≤100
297987334762,Jamie Raskin,Jamie Raskin for Congress,≤100
717303634991131,Montanans for Liberty and Justice,Montanans For Liberty And Justice,≤100
113891694102,Energy Citizens,AMERICAN PETROLEUM INSTITUTE,≤100
197760674021143,Indivisible Guide,INDIVISIBLE ACTION,≤100
253312980194,Community Catalyst,COMMUNITY CATALYST INC,≤100
933921763326425,Catherine Cortez Masto,CATHERINE CORTEZ-MASTO FOR SENATE,≤100
51379424899,Mercy Ships,MERCY SHIPS INTERNATIONAL,≤100
25852730092,Care2,"Care2.com, Inc",≤100
18709174006,National Audubon Society,"NATIONAL AUDUBON SOCIETY, INC.",≤100
135332839847855,Abortion Care Network,ABORTION CARE NETWORK,≤100
278845882737338,Christopher F. Rufo,Christopher F. Rufo,≤100
77130778113,Coalition for Medicare Choices,The Coalition for Medicare Choices,≤100
290851614930809,Combat AntiSemitism,Combat Hate Foundation,≤100
91642297490,American Association for Justice,American Association for Justice,≤100
169277310432049,"Texas Precision Optics, Inc.",Texas Precision Optics Inc,≤100
156994304362574,American Bridge 21st Century,AMERICAN BRIDGE 21ST CENTURY,≤100
100392931351292,Northwest RiverPartners,Northwest RiverPartners,≤100
167586229923327,World Food Program USA,World Food Program USA,≤100
148048225348895,Danielle D'Souza Gill,DDG Media LLC,≤100
1562713090633117,Operation Underground Railroad,"Operation Underground Railroad, Inc.",≤100
7814597100,Jim Jordan for Congress,JIM JORDAN FOR CONGRESS,≤100
110924734766613,Tim James For Governor,"Tim James Governor 2022, Inc.",≤100
1155212867963791,AFP Action,"AMERICANS FOR PROSPERITY ACTION, INC.(AFP ACTION)",≤100
100548345633726,Community Conversations,Community Conversations: A Project for America,≤100
765097033535684,Nova Ukraine,Nova Ukraine with Facebook ad credits,≤100
300341323465160,The Daily Signal,HERITAGE FOUNDATION (THE),≤100
103546351703577,Dallas Express,The Dallas Express,≤100
56332452163,AMA Patients Action Network,American Medical Association,≤100
7860876103,Joe Biden,DNC SERVICES CORP./DEM. NAT'L COMMITTEE,≤100
91346559231,Democratic Legislative Campaign Committee - DLCC,Democratic Legislative Campaign Committee,≤100
292809818172359,Mike Ablon,Social Revolt Agency,≤100
159658557547960,WSJ Opinion,The Wall Street Journal,≤100
354851377936744,BookTV,NATIONAL CABLE SATELLITE CORPORATION,≤100
11111618026,Union of Concerned Scientists,"UNION OF CONCERNED SCIENTISTS, INC.",≤100
107553188401159,Brandon Gill,The Boswell Project,≤100
7191206138,ASPCA,ASPCA,≤100
6502038524,First Book,FIRST BOOK,≤100
72931140459,Center for Biological Diversity,"CENTER FOR BIOLOGICAL DIVERSITY, INC.",≤100
284293125336159,Regulatory Transparency Project,FEDERALIST SOCIETY FOR LAW & PUBLIC POLICY STUDIES,≤100
19192438096,AAAS - The American Association for the Advancement of Science,American Association for the Advancement of Science,≤100
109418838263843,Lew Burdette for Governor,LEWin22 For Governor,≤100
219612384781411,Bloomberg Philanthropies,Bloomberg Philanthropies,≤100
2254455051442790,Flag and Cross,Flag & Cross,≤100
123488374379680,Ken Paxton,Ken Paxton Campaign,≤100
745304825534862,Steve Scalise,Team Scalise,≤100
1166660030079480,National Democratic Redistricting Committee,National Democratic Redistricting Committee,≤100
376638603087168,Save The Earth,8 Billion Trees LLC,≤100
300992409852,Hoover Institution,Hoover Institution,≤100
292351509697,Jerusalem Prayer Team,Jerusalem Prayer Team,≤100
110177119192569,Knightscope,"Knightscope, Inc.",≤100
8524198486,Physicians Committee for Responsible Medicine,"PHYSICIANS COMMITTEE FOR RESPONSIBLE MEDICINE, INC.",≤100
11911627997,Pancreatic Cancer Action Network,"PANCREATIC CANCER ACTION NETWORK, INC.",≤100
44224524016,American Kidney Fund,"AMERICAN KIDNEY FUND, INC.",≤100
548407915183371,Liz Cheney,Liz Cheney for Wyoming,≤100
100692068471118,Explain America,Apse Media LLC,≤100
117437204982602,American Wild Horse Campaign,American Wild Horse Preservation Campaign,≤100
6240652407,Young America's Foundation,YOUNG AMERICA'S FOUNDATION INC,≤100
108766601760186,Americans for Safe Drugs,Americans for Safe Drugs,≤100
86574174383,House Speaker Nancy Pelosi,Office of the Speaker,≤100
12301006942,Democratic Party,DNC SERVICES CORP./DEM. NAT'L COMMITTEE,≤100
100353985801206,My News Buffet,"MyNewsBuffet.com, LLC",≤100
105454117977117,Voices for Consumer Choice,Voices for Consumer Choice,≤100
404774046800358,Judge Gunner DeLay for Supreme Court,Judge Gunner DeLay for Supreme Court,≤100
128067600545091,Coalition for a Prosperous America,"COALITION FOR A PROSPEROUS AMERICA EDUCATION FUND, INC.",≤100
455147011996099,The Ann and Phelim Scoop,The Unreported Story Society,≤100
8325302025,Friends of the Earth U.S.,Friends of the Earth,≤100
121268821249550,World Central Kitchen,WORLD CENTRAL KITCHEN INC,≤100
375742685850856,Firearms Policy Coalition,"FIREARMS POLICY COALITION, INC.",≤100
1691667177798461,Brut,These ads ran without a disclaimer,≤100
116546288359245,Heritage Action for America,HERITAGE ACTION FOR AMERICA,≤100
64742342517,Hagee Ministries,"GLOBAL EVANGELISM, INC.",≤100
223055747744143,Beto O'Rourke,Beto for Texas,≤100
134535726580904,Maggie Hassan,Maggie for NH,≤100
60182072999,Lila Rose,Live Action,≤100
673117639774135,Gretchen Whitmer,Gretchen Whitmer for Governor,≤100
108512875350,The Atlas Society,The Objectivist Center Ltd,≤100
248262725706461,Power The Future,Power The Future Inc,≤100
114167895375664,Cherokee Nation,"CHEROKEE NATION, THE",≤100
169687486427698,Jentezen Franklin,FREE CHAPEL WORSHIP CENTER,≤100
96935476345,Democratic Governors Association (DGA),Democratic Governors Association,≤100
101224002310757,Seven Weeks Coffee,Seven Weeks Coffee,≤100
176401942838704,ALIMA,"ALIMA USA, INC.",≤100
206628262752838,Clayton,CLAYTON HOMES INC,≤100
392148947525572,REVOLT,REVOLT Media & TV,≤100
101208514791301,Daniel Turner,Power The Future Inc,≤100
945455208962159,For Everyone Collective,For Everyone Collective,≤100
1587042581548247,Chasing the Dream: Poverty and Opportunity in America,WNET,≤100
112735922758892,Charlie Kirk,"ATK Media, Inc.",≤100
50982313030,Food & Water Watch,Food & Water Watch,≤100
6041057841,The Humane Society of the United States,"HUMANE SOCIETY OF THE UNITED STATES, THE",≤100
557051651115624,Stidham Financial Services,Stidham Financial Services,≤100
343783829574663,Solar Save America,These ads ran without a disclaimer,≤100
1869687273277265,Run for Something,Run For Something PAC,≤100
342887442508723,Convention of States,Convention of States Action,≤100
90209763480,The Federalist Society,The Federalist Society,≤100
747004618667089,Belev Echad,BELEV ECHAD INC,≤100
103375628943529,Adam Frisch,Adam for Colorado,≤100
100906162590940,Uber & Lyft Sexual Assualt,Tort Group LLC,≤100
106568024842114,Rideshare Assault Support,Injury Match,≤100
104491841664875,Adam Kinzinger,Future First Leadership PAC,≤100
1629844773973592,Gary Chambers Jr.,CHAMBERS FOR LOUISIANA,≤100
57495285387,Michael Bennet,Bennet for Colorado,≤100
109320440856128,Together Beat Hate,"Foundation to Combat Anti-Semitism, Inc.",≤100
398757490729,The National Network to End Domestic Violence,"NATIONAL NETWORK TO END DOMESTIC VIOLENCE, INC.",≤100
104760636770,Vera Institute of Justice,"VERA INSTITUTE OF JUSTICE, INC.",≤100
119707748062556,Ron Johnson,"RON JOHNSON FOR SENATE, INC",≤100
2352630938293825,Mytacticalpromos,Entremax,≤100
45393753416,Alliance Defending Freedom,Alliance Defending Freedom,≤100
1476342155924546,Big Rig Threads,Big Rig T-Shirts and Decals LLC,≤100
316768628476080,Cityzenith,CITYZENITH LLC,≤100
70874333603,CatholicVote,catholicvote.org,≤100
142161905817424,AMAC - The Association of Mature American Citizens,The Association of Mature American Citizens Inc,≤100
108008514841150,Save Jackson Park,Jeannette L Hoyt,≤100
282765295135322,The Pray in Jesus Name Project,"GJK, Inc. d/b/a The Pray In Jesus Name Project",≤100
874662062886596,Sea Trees,Sustainable Surf,≤100
1424939337821370,Rachel Wahba Writer,Rachel Wahba,≤100
103686135040773,Ryan Pereira for New Bedford,Pereira Committee,≤100
164326783768856,Lisa Bartlett,Lisa Bartlett for Congress 2022,≤100
107356708329311,Liberty Lover News,William Gordan Tanner,≤100
434224137354568,Dr. Rich McCormick for Congress,Friends of McCormick,≤100
1517919588502283,Christy Smith for Congress,CHRISTY SMITH FOR CONGRESS,≤100
449532451834913,Fishers Finery,Fishers Finery,≤100
100429405881310,Conservative Americans,The Boswell Project,≤100
351450241620398,Bryan Shupe Delaware,Bryan Shupe Delaware,≤100
111983644748221,Nora Lott Haynes for Senate,Nora Lott Haynes for Senate,≤100
136143070303933,Kevin Nicholson,Kevin Nicholson,≤100
44659430888,Responsibility.org,FOUNDATION FOR ADVANCING ALCOHOL RESPONSIBILITY,≤100
305643856459460,Burgess Owens,Burgess 4 Utah,≤100
984421991732710,Paycheckology,Paycheckology,≤100
490338027836333,Elect Frances Holk-Jones for State Representative District 95,Frances Holk-Jones,≤100
252814820267,HIAS,HIAS,≤100
506680536015406,HumanProgress.org,"CATO INSTITUTE, INC.",≤100
126893748252841,American Firearms Association,American Firearms Coalition,≤100
106577518171135,Christa Williams,Christa Williams,≤100
161930788865548,Head-to-Head Voting,Anthony F Maloley,≤100
282728185140429,Rep For Vets,The Rep For Vets,≤100
159214207491260,Mark Takano,Mark Takano for Congress,≤100
114483080839796,Colossal Biosciences,Colossal Biosciences,≤100
1600352356914768,PushBlack,PushBlack,≤100
232467307162583,Farm Action,Family Farm Action Inc,≤100
192771954102960,Jordan Sekulow,American Center for Law and Justice,≤100
103789661901371,"Andrew M. Crockett, CPA",Elect Andrew Crockett Santa Clara County Assessor 2022,≤100
104965282118817,Steven Elliott for Congress,Steven Elliott for Congress,≤100
797121490373293,Dr. Barbara Sharief,Barbara Muhammad Sharief,≤100
126492504123567,Michelle Parker,Protect Our Winters,≤100
30090692503,City of West Hollywood Government,City of West Hollywood,≤100
78121538968,Nan Whaley,Friends of Nan Whaley,≤100
125937197447634,ACTA - American Council of Trustees and Alumni,AMERICAN COUNCIL OF TRUSTEES AND ALUMNI,≤100
114197411271539,Brighter Chula Vista,"Residents for a Brighter Chula Vista, Supporting Amar Campa-Najar for Mayor 2022",≤100
69147011528,DonkeyTees.com,Donkey Tees,≤100
102772292126104,Desi Cuellar,CUELLAR FOR NEW YORK,≤100
101961668958818,thomas.williams19,These ads ran without a disclaimer,≤100
255062275778,Tim Tebow Foundation,TIM TEBOW FOUNDATION,≤100
114274475307351,Greg Raths For Congress 2022,Greg Raths for Congress,≤100
217569858071,Areva Martin,The Areva Martin Corporation,≤100
314121315788033,Stand with Parkland,Stand With Parkland,≤100
115463994495242,Gerald Malloy for Senate,"GERALD MALLOY FOR US SENATE, LIMITED",≤100
1553978148244954,Build With Strength,Build With Strength,≤100
999556810102061,Signature Seas,Signature Seas,≤100
107764430968176,Tuttle Twins TV Show,"Tuttle Twins Show, LLC",≤100
620515378314908,Noah Ring,Noah Dalton Eugene Ring,≤100
132669380104415,Blue America,BLUE AMERICA PAC INDEPENDENT EXPENDITURE COMMITTEE,≤100
22984054572,Numi Organic Tea,Numi Organic Tea,≤100
107754578452613,Liberty for the Kids,Liberty for the Kids,≤100
1353722684643583,EPF Media,EPF Media,≤100
0,Instagram User 8507888861,These ads ran without a disclaimer,≤100
384676381708957,Education NC,Education NC,≤100
272448910078392,Illinois Petroleum Resources Board,ILLINOIS PETROLEUM RESOURCES BOARD,≤100
836826976517252,International Christian Embassy Jerusalem - USA,"International Christian Embassy Jerusalem - USA, Inc.",≤100
2404468096286251,Commissioner John King,Georgians For John King,≤100
1547129225594616,Rich Constantine for Supervisor,"Constantine for Supervisor 2022, FPPC# 1437833",≤100
366351973736242,Red Rock Secured,Red Rock Secured,≤100
201956993160690,MRCTV,MEDIA RESEARCH CENTER,≤100
204626306331350,Up to Us,NET IMPACT,≤100
8002590959,Rainforest Action Network - RAN,RAINFOREST ACTION NETWORK,≤100
1634651343331439,Project Wren,Landon Scott Brand,≤100
64206021703,National Committee to Preserve Social Security and Medicare,NATIONAL COMMITTE TO PRESERVE SOCIAL SECURITY AND MEDICARE,≤100
1835838916635491,Transamerica Institute,Transamerica Center for Health Studies,≤100
627951147293090,Fat Finger,Fat Finger LLC,≤100
2099448153445994,Students for Life Action,Students for Life Action,≤100
126357934012,Allan Kittleman,ALLAN KITTLEMAN FRIENDS OF,≤100
24834672986,Hip Hop Caucus,HIP HOP CAUCUS EDUCATION FUND,≤100
102862295673242,Simon Silva For Chula Vista City Attorney,Simon Silva for Chula Vista City Attorney,≤100
139423929447980,Oaklawn Landscaping,These ads ran without a disclaimer,≤100
389096331144686,Friends of Sinn Féin USA,FRIENDS OF SINN FEIN INC,≤100
1432294810337971,Something Anything Radio,Carl R Watts,≤100
1599237673639735,Change Media Group,Change Media Group,≤100
1439168163008159,Dominicanos USA,DOMINICANOS USA INC NY,≤100
103665368802136,Operation Red Wall,Jason Donald Robertson,≤100
111839087214971,Vot-ER,VotER,≤100
723694947709649,Tom Patti County Supervisor,Tom Patti for Congress,≤100
115403471809909,Plastic Oceans,PLASTIC OCEANS INTERNATIONAL,≤100
102459711431164,Center for Voter Information,Center For Voter Information,≤100
180998092093582,Ben Sorensen - Fort Lauderdale,BEN SORENSEN FOR CONGRESS,≤100
261427534218882,we are,WORKING TO EXTEND ANTI-RACIST EDUCATION,≤100
811900825495982,Niskanen Center,The Niskanen Center,≤100
215653202574079,Future Majority,"Future Majority, Inc",≤100
154930410085,"Zion Oil and Gas, Inc.","Zion OIl & Gas, Inc.",≤100
92729316952,Covanta,Covanta,≤100
230459977132579,Suzie Price for Mayor 2022,Suzie Price for Mayor 2022,≤100
105348224679358,Don't Unfriend Me,Matthew Owen Speer,≤100
14038292386,Women for Women International,WOMEN FOR WOMEN INTERNATIONAL,≤100
104107455066450,Russell Cohen on public policy,Howard Russell Cohen,≤100
111814495650743,New Blue Interactive,New Blue Interactive,≤100
243498882520314,FoodFinder,"FOODFINDER, INC.",≤100
114765400352270,Kite & Key Media,VMTS EDUCATION INC,≤100
246373049744441,Patriot Free Press,Patriot Free Press,≤100
1592284140810506,Gwenn Burud for Texas,Burud For Texas,≤100
106959920878115,The Well Done Foundation,"WELL DONE FOUNDATION, INC.",≤100
195900440957464,Jeremy Shaffer for Congress,Friends of Jeremy Shaffer,≤100
30953735590,Jim Hightower,Jim Hightower,≤100
95135221781,Federal News Network,Hubbard Radio DC,≤100
103496691094956,Freespoke,"FREEDOM FRIES, LLC",≤100
315602031812475,"Immigration Law Firm by Ting Law Group, PC",These ads ran without a disclaimer,≤100
482100658584410,We Stand For Energy,"EDISON ELECTRIC INSTITUTE, INC.",≤100
100113865706707,ADF Generational Wins Prayer Initiative,ALLIANCE DEFENSE FUND INC,≤100
380884168648080,Population Research Institute,POPULATION RESEARCH INSTITUTE,≤100
203993516614969,Oklahoma Faith Leaders,Oklahoma Faith Leaders,≤100
807604399259676,Metropolitan St Louis Equal Housing and Opportunity Council,ST LOUIS METROPOLITAN EHOC,≤100
50714237985,The Rutherford Institute,RUTHERFORD INSTITUTE,≤100
101333462265,Distilled Spirits Council of the United States,Distilled Spirits Council of the United States,≤100
332671562949,Diversey,"Diversey Holdings, LTD.",≤100
22339908994,Vote Solar,Vote Solar,≤100
312816622063362,Timothy Barr for Congress,"Timothy Barr for Congress, Inc.",≤100
108817018412144,Best For Vets,Complete Book About Your 2A Rights,≤100
2030590757228019,Rev. Mark Creech,Mark Creech,≤100
169710960125365,Curzio Research,CURZIO RESEARCH,≤100
139599847972,National Nurses United,National Nurses United,≤100
464998390249008,The Independence Fund,"INDEPENDENCE FUND, INC, THE",≤100
38812906703,United Friends of the Children,United Friends of the Children,≤100
1061240530648502,Joe E. Collins III,JOE COLLINS FOR CONGRESS,≤100
304842759546695,Brooklyn Institute for Social Research,Brooklyn Institute for Social Research,≤100
778623209165752,Media Right,Media Right News,≤100
100916235841056,Chol for Congress,Chol for Congress,≤100
273546779885377,The Gallant Pelham,"delupton, LLC",≤100
256043277748645,NetChoice,NETCHOICE,≤100
430964644347524,Campaign Ad-Cloud,Campaign Ad-Cloud,≤100
105190788730053,DC Swamp,Carter Michael Hughes,≤100
225902781414,William Gheen President of Americans for Legal Immigration,AMERICANS FOR LEGAL IMMIGRATION PAC,≤100
971668776283950,PolicyEd,These ads ran without a disclaimer,≤100
147126507164,ACTwireless,ACTwireless,≤100
46785153750,National Fair Housing Alliance,National Fair Housing Alliance,≤100
1639114853033755,Diane Papan,Diane Papan for Assembly 2022,≤100
173470656019870,The Daily Yonder,CENTER FOR RURAL STRATEGIES,≤100
178498308568,Human Life International,HUMAN LIFE INTERNATIONAL INC,≤100
369309166748535,Derek Utley,Tomer Barazani,≤100
1526736227567131,TrueCoverage,True Coverage,≤100
126817605260,Bold Type Books,"Hachette Book Group, Inc.",≤100
69611504313,Simon & Schuster,Simon and Schuster,≤100
334360440369038,Janice for Georgia Insurance Commissioner,Committee to Elect Janice for Georgia,≤100
71324717432,National Association of Scholars,NATIONAL ASSOCIATION OF SCHOLARS,≤100
8321461609,MomsRising.org,MomsRising Together,≤100
100124709108034,Patriot One News,Matt Clark Agency,≤100
399060493533519,The Justice Foundation,JUSTICE FOUNDATION,≤100
999775873528189,Stopping Socialism,The Heartland Institute,≤100
50822254585,Mountain States Legal Foundation,Mountain States Legal Foundation,≤100
102204903345,The Vilcek Foundation,"VILCEK FOUNDATION, INC., THE",≤100
755175814541555,Law Office of Fernando Dubove - Immigration Attorney in Dallas,Law Office of Fernando Dubove,≤100
50760058145,Alcohol Justice,ALCOHOL JUSTICE,≤100
1654634867883150,AK Headlamp,ALASKA SUPPORT INDUSTRY ALLIANCE,≤100
280044353811900,Bob Healey for Congress,Bob Healey for Congress,≤100
655065784538368,PredictIt,"PredictIt - Prediction Markets. A project of Victoria University of Wellington, PredictIt has been established to facilitate research into the way markets forecast events.",≤100
100373975829221,Fòs Feminista Org,Fòs Feminista,≤100
107109947803536,Analyzing America,Gregory Lawrence Burright,≤100
546066468753446,Black Health Matters,BLACK HEALTH MATTERS FOUNDATION INC,≤100
2170743379857378,George Santos for Congress NY-3,Devolder Santos for Congress,≤100
103467022124130,Kids of Kadiogne,KIDS OF KADIOGNE INC,≤100
602074469965571,Plan C,NATIONAL WOMENS HEALTH NETWORK,≤100
101328432468474,Re-Elect Chief Judge Rob Leonard,Friends of Judge Leoanrd,≤100
143981748956175,Rural Assembly,Rural Assembly,≤100
105793628612123,Alysse Castro for Alameda County Superintendent of Schools,"Alysse Castro for Alameda County Superintendent of Schools 2022, FPPC #1442206",≤100
100531408739695,Shervin Aazami for Congress - CA32,SHERVIN AAZAMI FOR CONGRESS,≤100
101445435512612,"Coalition for Public Safety Reform, Training and Transparency","Coalition for Public Safety Reform, Training and Transparency",≤100
100631775978696,Michela Alioto-Pier for State Board of Equalization 2022,"Michela Alioto-Pier for State Board of Equalization 2022, FPPC# 1444394",≤100
108650400954148,Stopping Socialism TV,The Heartland Institute,≤100
16900111951,National Organization for Women (NOW),NATIONAL ORGANIZATION FOR WOMEN,≤100
461530314600399,Common Sense American Politics,Common Sense American Politics,≤100
224684514243482,Tom Cotton,"COTTON FOR SENATE, INC.",≤100
1476242905788758,Nick DiCeglie,"Nick DiCeglie, Republican, For State Senate",≤100
109352563640,Water.org,WATER.ORG INC.,≤100
71213789567,EmpowR,EmpowR,≤100
53269056142,FAMM,FAMM,≤100
354329797956187,The Catholic Association,"The Catholic Association, Inc",≤100
110664767734423,The Slave Scheme - Eric Krantz,Jane E Krantz,≤100
108302365219503,OConnor For Supervisor,Don O'Connor,≤100
308851063225813,Green Leaf Pot Stocks,Link Media LLC,≤100
1444820465547227,Rank the Vote,Rank the Vote,≤100
47710973068,Voices for Cooperative Power,Voices for Cooperative Power,≤100
109374912424067,Drew McKissick,DrewMcKissick.com,≤100
103213601095503,ParentsTogether Action,ParentsTogether Action,≤100
1642386799323957,Angie Craig,ANGIE CRAIG FOR CONGRESS,≤100
101391906600,Live Action News,Live Action,≤100
136926283034065,National Center for Appropriate Technology - NCAT,These ads ran without a disclaimer,≤100
200925806590732,Square,These ads ran without a disclaimer,≤100
108536845093502,Clean Up Oklahoma,Clean Up Oklahoma,≤100
102286035642350,Patriots for President Donald Trump,USA Features Media LLC,≤100
182723117043,Chicago Council on Global Affairs,CHICAGO COUNCIL ON GLOBAL AFFAI,≤100
175335262547741,Dan Kildee,FRIENDS OF DAN KILDEE,≤100
100119981671668,Blue Senate,BLUE SENATE PAC,≤100
153278754738777,Climate Reality,The Climate Reality Project,≤100
330641537286442,Virginia Constitutional Conservatives,Virginia Constitutional Conservatives,≤100
189262227767934,Cultural Survival,"CULTURAL SURVIVAL, INC",≤100
105146431480796,LingoAce Global,These ads ran without a disclaimer,≤100
424443217623488,Clarion Project,"CLARION PROJECT, INC.",≤100
103238082298234,"Jennifer Barton for Solano Supervisor 2022, District 3",Jennifer Barton for Supervisor 2022,≤100
61492859575,Americares,"Americares Foundation, Inc.",≤100
1534290989956166,The Philanthropy Roundtable,"PHILANTHROPY ROUNDTABLE, THE",≤100
1546952572205770,UAE USA United,The Embassy of the United Arab Emirates,≤100
378084314984,Trane Technologies,Trane Technologies,≤100
120778038066631,EveryLibrary,EveryLibrary,≤100
105561217523274,The Dispatch,"Dispatch Media, Inc.",≤100
2225580284361712,Tommy Tuberville,"Tuberville for Senate, Inc.",≤100
786167111464006,Woodson Center,The Woodson Center,≤100
33130879085,The Hastings Center,These ads ran without a disclaimer,≤100
118635175464489,uPolitics,"Uinterview, Inc.",≤100
60261764250,Childhelp,"CHILDHELP, INC.",≤100
285783398519074,Free the Facts,Free the Facts,≤100
20603236087,Love146,"LOVE146, INC.",≤100
101930385197156,Alianza Center,"Alianza Center, Inc.",≤100
105632651693953,Marisa Wood for Congress,MARISA WOOD FOR CONGRESS,≤100
328065780936817,Forest Fire Facts,Strategy Solutions,≤100
105851068554458,Louis Gill for Supervisor,Gill for Supervisor,≤100
117819650905617,Red Wave News,Tomer Barazani,≤100
147447783311,Charlie Crist,"Charlie Crist, Democrat for Governor",≤100
199826043375900,Larry Hogan,An America United,≤100
131306317680000,Social Goods,"Social Goods, LLC",≤100
100322159129856,Paul Sanford for Congress,FRIENDS OF PAUL SANFORD,≤100
38882699096,Polaris,Polaris with Facebook Ad Credits,≤100
152264148166020,Moms Clean Air Force,Moms Clean Air Force,≤100
410825846009652,Commune,"Commune Media, Inc.",≤100
29924369552,Interfaith America,These ads ran without a disclaimer,≤100
19420215926,CNSNews.com,MEDIA RESEARCH CENTER,≤100
244208865974337,Pride Corpus Christi,"The Mosaic Project of South Texas, Inc.",≤100
30139072158,CARE,CARE,≤100
141972426677848,Dr. Akilah Weber,Akilah Weber For State Assembly,≤100
112735922758892,Charlie Kirk,Salem Media Group,≤100
100839288957793,Alan Sims,ALAN SIMS FOR CONGRESS,≤100
270315106364000,Global Orphan Prevention,GLOBAL ORPHAN PREVENTION,≤100
1378387609066365,Adam Levin,These ads ran without a disclaimer,≤100
101770425734652,Merritt Hale,FRIENDS OF MERRITT HALE,≤100
294558924293589,The Scoop,The Scoop Media Inc.,≤100
381338125287732,Montana's Promise,NATIONAL PUBLIC PENSION COALITION,≤100
163302087408673,Stop The Donald,Stop the Donald,≤100
105837638742850,Tollefson for Sheriff,Tollefson for Sheriff Committee,≤100
30437677949,Adventure Cycling Association,ADVENTURE CYCLING ASSOCIATION,≤100
35787019800,Episcopal Divinity School at Union,Union Theological Seminary,≤100
101716172441500,Brennan Center en Español,"WILLIAM J. BRENNAN CENTER FOR JUSTICE, INC.",≤100
160389977329803,ATTN:,ATTN: INC.,≤100
303021996375160,Lutherans For Life,Lutherans for Life,≤100
203197030603239,8 Billion Trees,8 Billion Trees LLC,≤100
19774119425,Habitat for Humanity,Habitat for Humanity International,≤100
117214891638398,Street Grace,Street Grace Inc,≤100
169204449790211,Conservative News Today,BizPac Review,≤100
1657488581201234,Abby Stein,These ads ran without a disclaimer,≤100
226548378319,VFIS - Firefighter & EMS,GLATFELTER INSURANCE GROUP,≤100
107391414191446,Tiradia,These ads ran without a disclaimer,≤100
431019887282794,Tomorrow's World Today,Flying Cork,≤100
110168491593473,Ben Cross for Pope County Judge,Ben Cross for Pope County Judge,≤100
102658424682069,Beth Camp- Georgia House of Representative District 131,Beth Camp for Georgia House District 135,≤100
401757013244289,The Kari Lake,Lake For AZ,≤100
109846361616313,Kimberly Ho for State Assembly,Kimberly Ho for Assembly 2022,≤100
105343862143129,Unite Against Book Bans,American Library Association,≤100
35715544220,Stand.earth,Stand.earth,≤100
74470852653,Mike Pompeo,Champion American Values PAC,≤100
102046612029258,Jeff Larner for Madison County Sheriff,Larner for Sheriff,≤100
10803722213,Common Cause,COMMON CAUSE,≤100
262610761306,Counterpoint Press,Counterpoint Press,≤100
2610073475886554,Bryant for Arkansas,Bryant for Arkansas,≤100
2067034863581908,Shelly Echols for Senate,Friends of Shelly Echols,≤100
1586732664896365,FPC Action Foundation,Firearms Policy Foundation,≤100
37266625280,Marc Molinaro,MARC FOR US,≤100
723394465079640,The Lion,Stanley M. Herzog Charitable Foundation,≤100
103276641416832,The Juggernaut Project,JUGGERNAUT PROJECT LLC,≤100
278052172260101,ZERO TO THREE,ZERO TO THREE,≤100
96286403078,iHeartDogs.com,HomeLife Media,≤100
110466698268219,Flying Ship Company,These ads ran without a disclaimer,≤100
103433795554460,America First,The Boswell Project,≤100
38882699096,Polaris,POLARIS PROJECT,≤100
710669049286394,Woo the People,Woo the People,≤100
229756680374544,Poshmark,These ads ran without a disclaimer,≤100
104129971739783,Chris Lanning For Cobb County Solicitor General,Committee To Elect Chris Lanning,≤100
185026128216027,Americans for Prosperity-Kansas,AMERICANS FOR PROSPERITY,≤100
61265398450,AmeriCorps NCCC,Corporation for National and Community Service,≤100
93188136312,Physicians for Reproductive Health,"PHYSICIANS FOR REPRODUCTIVE HEALTH, INC.",≤100
10745509014,The Dream Center,Dream Center Foundation,≤100
302111635698,National Association of Tax Professionals (NATP),National Association of Tax Professionals,≤100
102618018736663,The Influencers Podcast,These ads ran without a disclaimer,≤100
119266119983936,U.S. Representative Peter Meijer,Representative Peter Meijer,≤100
312208869424760,Field Team 6,Field Team 6,≤100
108248211758265,Bob Hertzberg for L.A. County Supervisor,Bob Hertzberg for Supervisor 2022,≤100
89336510798,American Friends of the Hebrew University,American Friends of Hebrew University,≤100
254093297943901,CISE,CISE LLC,≤100
60326619815,Asian Pacific American Institute for Congressional Studies (APAICS),Asian Pacific American Institute for Congressional Studies (APAICS),≤100
101695465478009,Mobile Voting,"TUSK STRATEGIES, INC.",≤100
27461595703,Carbonfund.org Foundation,Carbonfund.org Foundation,≤100
300476911222,Middlesex County Democratic Organization,Scott for Sheriff and Middlesex Dems 2022,≤100
514446149038714,The Iowa Standard,The Iowa Standard,≤100
2332258203674043,The PAS Report Podcast,The P.A.S. Report,≤100
165674110118949,Clearing out the Clutter,Colin D Moore,≤100
1110108589164300,Jim Canova Campaign Page,Canova for State Senate 2022,≤100
104863138824887,Keep Judge Jennifer Wernersbach,The Committee to Keep Judge Wernersbach,≤100
104482412160909,Jason Stone for Judge,Stone for Judge 2022,≤100
7361892567,Born Free USA,"BORN FREE USA, UNITED WITH ANIMAL PROTECTION INSTITUTE",≤100
100242948666254,American Liberty Project,American Liberty Project LLC,≤100
100910082469870,Chad Bingham For Jackson County Commissioner,Bingham4JCC,≤100
100607179026941,Of Thee I Sing 1776,Harold Gershowitz,≤100
217187838327836,The Story Exchange,The Story Exchange Foundation,≤100
381144248486,Arizona Small Business Association,Arizona Small Business Association,≤100
103355385129734,The Climate Pledge,The Climate Pledge,≤100
1341543769290478,Kathy Manning,Kathy Manning for Congress,≤100
110274428288444,Denis Bilodeau for Board of Equalization,Bilodeau for Board of Equalization,≤100
248015099034563,Janet Mills,Mills for Maine,≤100
102537901950568,CO Minds Over Mass Shootings,CO MINDS OVER MASS SHOOTINGS,≤100
101810652152706,Ship It Zero,PACIFIC ENVIRONMENT AND RESOURCES CENTER,≤100
517185715005608,Milbank LLP,Milbank LLP,≤100
102420431749179,Raging Americans,Tomer Barazani,≤100
1419181621637713,Mary Kay Henry,SEIU,≤100
104728218668761,Kirkmeyer for Congress,KIRKMEYER FOR CONGRESS,≤100
109985894715539,Josh Carnley for Alabama Senate,Carnley For Senate,≤100
102033358602068,Jim Barnes,Jim Barnes for Sheriff 2022,≤100
105082297816983,Center for Truth in Science,Center for Truth in Science,≤100
1430683863817923,Mautz for Senate,Friends of Johnny Mautz,≤100
306480006853271,Political-Paige.com BLOG,Political-Paige.com,≤100
158337134192979,Career Education Colleges and Universities,Career Education Colleges and Universities,≤100
406253802918825,Lauren Book,Lauren Book for State Senate 2022,≤100
294793907203877,Liz Mathis,Liz Mathis for Congress,≤100
143173285763,Tenth Amendment Center,Tenth Amendment Center,≤100
251734676525,Kevin Cramer,CRAMER FOR SENATE,≤100
312657362217994,Women's Heart Alliance,Women's Heart Alliance,≤100
276015033095157,NYS DACC,DEMOCRATIC ASSEMBLY CAMPAIGN COMMITTEE,≤100
118548500327,Billy Graham Evangelistic Association,BILLY GRAHAM EVANGELISTIC ASSOCIATION,≤100
485980975070908,Abigail Spanberger,SPANBERGER FOR CONGRESS,≤100
101485404914361,Bad News Wares,Bad News Wares,≤100
151894654697,Save Our States,Save Our States,≤100
343714718985673,Think Wood,Think Wood,≤100
1259773994201462,Dollar Donation Club,DOLLAR DONATION CLUB LTD,≤100
338758899543225,Alan Wilson,Alan Wilson for Attorney General,≤100
108206825104341,Charles Davis for Sanford Mayor,Charles Davis for Sanford Mayor,≤100
123624513983,The Western Journal,The Western Journal,≤100
101069299059820,Terrell4DE.com,Terrell Alan Williams,≤100
384006901653736,The Moore Charitable Foundation,Moore Charitable Foundation,≤100
108241614827115,Elizabeth Chien-Hale For San Jose City Council,Elizabeth Chien-Hale for San Jose City Council,≤100
653918824803452,WCS Newsroom,Wildlife Conservation Society,≤100
276076196388914,Coffee & Pan Dulce Show,Coffee & Pan Dulce Show,≤100
100963355067325,Callie Gifts,These ads ran without a disclaimer,≤100
899843763521678,Call Center Workers United,"COMMUNICATIONS WORKERS OF AMERICA, AFL-CIO, CLC",≤100
110178681546156,Ryan Eckroth for District 35 Senate,Ryan Eckroth Campaign Fund,≤100
1404888666493762,Darin LaHood,Darin LaHood for Congress,≤100
107228178448182,William Whitesell for Judge,Whitesell for Judge,≤100
1001615463272722,Biosimilars Council,The Biosimilars Council,≤100
102252122442327,House On Fire,The CLEO Institute,≤100
381578445243960,Kristan Hawkins,"STUDENTS FOR LIFE OF AMERICA, INC.",≤100
126815818975,Global Fund for Children,GLOBAL FUND FOR CHILDREN (THE),≤100
609926319458332,Rep. Dean Phillips,Representative Dean Phillips,≤100
103929304678916,Voter Action Project,Integrity First Voter Action Project,≤100
609392489162556,Pat Bates,Pat Bates For Supervisor,≤100
100741402225790,Quaye Quartey for Congress,QUARTEY FOR CONGRESS,≤100
90461584470,Marc Levine,Friends of Marc Levine,≤100
1802177709900081,The Spectator World,The Spectator US,≤100
113208963935638,Trey Hunt - Democrat for Congress,Trey Joseph Hunt,≤100
602714436529710,End Citizens United,END CITIZENS UNITED,≤100
174233076600386,Commissioner Stan Sallee - Tulsa County District 1,STAN SALLEE FOR TULSA COUNTY 2022,≤100
100803378829038,Patriotic American,Americans Patriot,≤100
11918108948,African Wildlife Foundation,AFRICAN WILDLIFE FOUNDATION,≤100
100981008838129,Pharmaceutical Printed Literature Association,Pharmaceutical Printed Literature Association,≤100
111713728196730,Grow Florida,Grow Florida,≤100
401240226922554,VoLo Foundation,VoLo Foundation,≤100
109028181602805,Paul Joiner,Committee to Elect Paul Joiner Placer County Supervisor District 2 2022,≤100
2352630938293825,Mytacticalpromos,These ads ran without a disclaimer,≤100
148205145252473,Backcountry Hunters & Anglers,Backcountry Hunters & Anglers,≤100
19219803864,Tax Foundation,Tax Foundation,≤100
129240690441636,The Legal Defense Fund,"N. A. A. C. P. LEGAL DEFENSE AND EDUCATIONAL FUND, INC.",≤100
1408306479421478,National Wildlife Federation Outdoors,NATIONAL WILDLIFE FEDERATION,≤100
471960692929281,Drew Ferguson,DREW FERGUSON FOR CONGRESS INC.,≤100
109866370700481,PushBlack Finance,PushBlack,≤100
122571921086301,Jody Hice,"Georgians for Jody Hice, Inc",≤100
104196638061918,CarbonCollective,Carbon Collective,≤100
105892718610973,Erik Peterson for Board of Equalization,Peterson for Board of Equalization 2022,≤100
104787841591290,Daily Malarkey,The Daily Malarkey,≤100
662531097178100,The Workers Lab,The Workers Lab,≤100
105986611985694,"Retain Judge Cybill Dotson for Las Vegas Justice Court, Dept. 10",Committee to Elect Cybill Dotson,≤100
109883121341937,Imani Oakley for Congress,Oakley for Congress,≤100
103609195401,Horizons National,"HORIZONS NATIONAL STUDENT ENRICHMENT PROGRAM, INC.",≤100
1723654234563693,Joe Patterson,Joe Patterson for Assembly 2022,≤100
10331123781,Special Olympics,Special Olympics Inc,≤100
1560286300899883,Diabetes Patient Advocacy Coalition,Diabetes Patient Advocacy Coalition,≤100
10498053716,Media Research Center,MEDIA RESEARCH CENTER,≤100
1999736710310261,"Sunny Park for OC Supervisor, District 4",Sunny Park for OC Supervisor 2022,≤100
8544956266,Broke-Ass Stuart,Broke-Ass Stuart,≤100
101769576791,Health Action Network,Health Action Network,≤100
586923928036132,Christians In Public Service Leadership & Development,CHRISTIANS IN PUBLIC SERVICE,≤100
7192716362,Amnesty International USA,"AMNESTY INTERNATIONAL OF THE U. S. A., INC.",≤100
89855016270,National Conference of State Legislatures,National Conference of State Legislatures,≤100
103510721077820,Christina Bohannan for Iowa,Christina Bohannan for Congress,≤100
12692955711,Chronicle of Higher Education,"CHRONICLE OF HIGHER EDUCATION, INC. (THE)",≤100
159937287765742,CityHealth,CityHealth,≤100
561970593860027,Emil Guillermo Media,Emil Amok Guillermo,≤100
236013113427175,Equality Health,These ads ran without a disclaimer,≤100
100158948453494,Lars for President,LARS MAPSTEAD FOR PRESIDENT,≤100
1679521432262834,Physicians Grassroots Network,American Medical Association,≤100
6277148057,Doris Matsui,MATSUI FOR CONGRESS,≤100
150530041634864,Baytown Professional Firefighters Association,Baytown Fire Fighters Political Action Committee,≤100
143741159755556,Victorino For Mayor,Friends of Michael Victorino,≤100
215830238462422,The LIBRE Initiative,The Libre Initiative,≤100
107645227592678,To Which We Belong,Mystic Artists,≤100
414744565241871,Elect Paul Akinjo Lathrop City Council,Elect Paul Akinjo for Lathrop City Council,≤100
452797224923658,The Democratic Coalition,THE DEMOCRATIC COALITION,≤100
141169844763069,US Cannabis Council,United States Cannabis Council,≤100
90486735811,Audible,Audible,≤100
107774775049765,Cleanhub,Cleanhub,≤100
28446275521,Military Officers Association of America (MOAA),Military Officers Association of America,≤100
102749585764108,Judge Jesse Stone,Jesse Stone for Superior Court,≤100
806311779499303,Katie Arrington,KATIE FOR CONGRESS,≤100
134275060386,DAV,DISABLED AMERICAN VETERANS,≤100
150127528352944,Food Integrity Campaign,GOVERNMENT ACCOUNTABILITY PROJECT INC,≤100
201446296572389,Compassion in World Farming (USA),Compassion in World Farming Inc,≤100
522052457841097,Jamie Kimble Foundation for Courage,JAMIE KIMBLE FOUNDATION FOR COURAGE,≤100
520963614630789,Wisconsin Green Party,David Charles Schwab,≤100
102362435427686,OnlySky,Only Sky Media Inc.,≤100
83960796709,Institute for Southern Studies,INSTITUTE FOR SOUTHERN STUDIES INC,≤100
186805048171120,U.S. LawShield,Texas LawShield,≤100
172683773493,CornerHouse,CORNER HOUSE,≤100
88874445818,State Rep. Ed Setzler,Ed Setzler for State Senate Committee 2022,≤100
104107788684988,Tom Klingenstein,TomKlingenstein.com,≤100
279799525443906,HELPS Nonprofit,HELPS Nonprofit Law Firm,≤100
243510442756370,Justice Democrats,JUSTICE DEMOCRATS PAC,≤100
216069038487059,"The Nature Conservancy, Hawaii and Palmyra",NATURE CONSERVANCY,≤100
110316380149,Family Policy Alliance,Family Policy Alliance,≤100
106209031898095,David Marshall for LD7,David Marshall,≤100
448010328698132,Don Bacon,DON BACON FOR CONGRESS,≤100
103531607822207,Noticias para Inmigrantes,"Wise Rock Media, PBC",≤100
96011276891,Heinemann Publishing,Heinemann Publishing,≤100
109286398095666,Climate Optimists Podcast,Climate Stewards Collective,≤100
105274628719440,Rand for Judge,Rand for Judge,≤100
133937690180,Student Conservation Association,Student Conservation Association,≤100
109215858085922,Exploring Hate,WNET,≤100
113223650193301,MAGA Revolution,Apse Media LLC,≤100
114994916573293,CareForAllChildren,CareForAllChildren,≤100
100271485189290,National Victory Action Fund,National Victory Action Fund,≤100
108108121456950,Blue States PAC,BLUE STATES PAC,≤100
30079936984,CWS,"CHURCH WORLD SERVICE, INC.",≤100
101912184733011,Conservative Baptist Network,Conservative Baptist Network,≤100
40732262509,Straus Family Creamery,These ads ran without a disclaimer,≤100
101487272357912,Lee Johnson for Arkansas,Lee Johnson for Arkansas,≤100
246491525549550,Ed Post,Education Post,≤100
386305465057247,Liberty Nation,Liberty Nation,≤100
1735668949879194,MHG Commercial Brokered by My Home Group Real Estate,MHG Commercial Brokered by My Home Group Real Estate,≤100
76042506468,Abraham Lincoln Presidential Library & Museum,Abraham Lincoln Presidential Library and Museum,≤100
1784754728423434,Restoration Association of Florida,Restoration Association of Florida,≤100
1747132688647028,Democratic Association of Secretaries of State,Democratic Association of Secretaries of State,≤100
378347615979847,Re-Elect Mike Hestrin District Attorney 2022,Mike Hestrin for District Attorney 2022,≤100
104104341982563,Vote Jason Bearden,Jason Bearden Campaign,≤100
1219895884702640,Popcorn for the People,LET'S WORK FOR GOOD,≤100
594519783957655,Citizens for National Security,Citizens For National Security,≤100
111910503859549,Justin’s fight for justice,Nancy Lee Riley,≤100
101374728149342,A Starting Point,A Starting Point LLC,≤100
609789112559190,Destroying Liberalism 101,Simon Davis,≤100
287477271319818,Peter Welch,Welch for Vermont,≤100
6696608875,Paul Broun,PAUL BROUN FOR CONGRESS,≤100
103811638443854,Stan Gerdes for Texas House,Stan Gerdes for State Representative,≤100
106935271991559,Yes on H for Hillsborough Schools,STRONG AND SAFE HILLSBOROUGH SCHOOLS - YES ON H,≤100
122778111789893,Jon Wizard for Assembly,Wizard for Assembly 2022,≤100
110434514826654,"Bray For Bell - For Bell County Commissioner, Precinct 4",Christopher Earl Bray,≤100
102454465463361,Chima for Congress,CHIMA FOR CONGRESS,≤100
224110651893,International African American Museum,IAAM,≤100
1179140112096711,Grace Napolitano for Congress,Napolitano for Congress,≤100
1191336950894416,City of Carlsbad NM Government,Social Media Manager,≤100
193628397865385,Chip Roy,CHIP ROY FOR CONGRESS,≤100
166885010051599,"Landerholm Immigration, APC","Landerholm Immigration, A.P.C.",≤100
101481584557260,Help Asheville Bears-HAB,Heather Christina Williams,≤100
894315020709961,CARE About Housing,"Coalition for Affordable, Reliable, and Equitable Housing",≤100
155131494544162,"Center for the Study of White American Culture, Inc.",CENTER FOR THE STUDY OF WHITE AMERICAN CULTURE,≤100
429794970538894,JobsOhio,JobsOhio,≤100
134597023235240,Rashida Tlaib,THE SQUAD VICTORY FUND,≤100
142957224352,International Medical Corps,International Medical Corps with Facebook ad credits,≤100
208551063368,Dominican Friars of the Province of Saint Joseph,DOMINICAN FOUNDATION,≤100
60865633726,Love Justice International,TINY HANDS INTERNATIONAL,≤100
1571132936490223,JewBelong,JEWBELONG INC.,≤100
141786816970,Cruise Lines International Association - CLIA,Cruise Lines International Association,≤100
163202650462603,Doug LaMalfa,DOUG LAMALFA COMMITTEE,≤100
104253615152700,America First Legal,America First Legal Foundation,≤100
934438026690635,YouGov,YouGov America,≤100
386280348647138,Rebecca Parson,REBECCA PARSON 2020,≤100
139766499461199,Tom Rice for Congress,TOM RICE FOR CONGRESS,≤100
108883868335100,Analise Ortiz for the Arizona House of Representatives,Paid for by Analise Ortiz for Arizona. Authorized by Analise Ortiz.,≤100
101434055512783,Karoline Leavitt,Karoline for Congress,≤100
67553971312,The Century Foundation,"CENTURY FOUNDATION INC, THE",≤100
59543893235,National Constitution Center,National Constitution Center,≤100
1639262936323284,Angelique Ashby for State Senate,Angelique Ashby for Senate 2022,≤100
261319066080,Americans for Prosperity - Ohio,AMERICANS FOR PROSPERITY,≤100
17548474116,Reason Magazine,"REASON FOUNDATION, THE",≤100
100787421789614,Charlie Hannah for Mayor,The Charlie Hannah Organization,≤100
103292801078614,Given No Choice: A History of Abortion Rights,Cody Patrick Mcdevitt,≤100
830803146937889,Peace in Schools,Peace in Schools,≤100
254943996005,Catholic Answers,"CATHOLIC ANSWERS, INC.",≤100
103983691875963,Building Healthy Families,CANAVAN FOUNDATION INC,≤100
110435914875048,Donald Payne Jr.,PAYNEJR4CONGRESS,≤100
615628355607126,Creative Society,Olga Simakova Schmidt,≤100
8895898655,Rainforest Alliance,"RAINFOREST ALLIANCE, INC.",≤100
222108208292714,Damian Lara Listens,Damian Lara,≤100
107209354867129,Team Trimino,Anthony Trimino For Governor 2022,≤100
109431937386175,Culper's Canteen Cup,Roger Dale Jackson,≤100
106114612028300,Steven Bailey for Senate,Judge Steven Bailey for State Senate 2022,≤100
780941275347834,Ilhan Omar,THE SQUAD VICTORY FUND,≤100
1394412707466827,New Georgia Project,New Georgia Project,≤100
332843176870186,Dr. Tom Sherman,Dr Tom Sherman for Governor,≤100
659065807493245,Jonathan Madison,Jonathan Madison for Congress,≤100
330229664373687,Live to Give,"LV2GV, LLC",≤100
115050083954556,Faisal Gill for Los Angeles City Attorney,Faisal Gill for Los Angeles City Attorney,≤100
601108943431836,The Flip Side,TFS INC,≤100
217026408340842,Food & Environment Reporting Network,FOOD & ENVIRONMENT REPORTING NETWORK INC,≤100
104660195062596,Gen Z Conservative,William Gordan Tanner,≤100
107526258290421,Cactus Reports,Timothy A Wilson,≤100
136722349826041,Laura Hill for Texas,Laura Hill for Texas,≤100
34992314695,National Center for Public Policy Research,NATIONAL CENTER FOR PUBLIC POLICY RESEARCH,≤100
157230874952221,Ronda Baldwin-Kennedy,Ronda Kennedy for Congress 2020,≤100
31365402722,The Gospel Coalition,"GOSPEL COALITION, INC., THE",≤100
170126260000702,Western Journal US News,The Western Journal,≤100
106058025408954,Do No Harm Medicine,Do No Harm,≤100
36872302227,Cory Booker,CORY BOOKER FOR SENATE,≤100
134283193310894,Republican Party of San Joaquin County,Republican Party of San Joaquin County,≤100
321088559302,Keep America Beautiful,"KEEP AMERICA BEAUTIFUL, INC.",≤100
1256218774533782,Braven Environmental,Braven Environmental,≤100
98912141410,American Forests,American Forests,≤100
290980968206977,GameDay News,These ads ran without a disclaimer,≤100
9165700468,Coyote Hill,COYOTE HILL CHRISTIAN CHILDREN'S HOME,≤100
100537089311344,Catalyst Housing Group,Catalyst Housing Group,≤100
525242127682576,Jan Schneider,FRIENDS OF JAN SCHNEIDER,≤100
109949628369320,SD Strong PAC,South Dakota Strong Pac,≤100
169042736456594,All Out,All Out Action Fund.,≤100
106949844346620,Trumpian Republicans,Gregory Lawrence Burright,≤100
1497862917203390,Heterodox Academy,Heterodox Academy,≤100
293225127381200,Patriot Depot,The Patriot Depot,≤100
698400060189827,Dan Sullivan,Alaskans for Sullivan,≤100
519590768083165,Abby Finkenauer for Senate,ABBY FOR IOWA,≤100
101210432531638,US Lender Guide,US Lender Guide,≤100
100593579186229,"Chris Love for Houston County Commission, District 2",Christopher James Love,≤100
110747918195739,MB Citizens for Schools,Committee to Support MD Citizens For Schools,≤100
355783211719644,Veteran Caregivers of America,"Veteran Caregivers, LLC",≤100
67198072267,Michigan Capitol Confidential,The Mackinac Center for Public Policy,≤100
105495168514956,Carol Blood For Governor,Nebraskans For Carol Blood,≤100
571637419617796,Church News,DESERET NEWS PUBLISHING COMPANY,≤100
104657602040321,Truth Media,Truth Media,≤100
473956976508778,The Slowdown,Slowdown Media,≤100
261951940219,Goldman Environmental Prize,Goldman Environmental Foundation,≤100
228132537208218,Tammy Duckworth,TAMMY FOR ILLINOIS,≤100
104877384527356,Georgia Realtors for David Scott,National Association of REALTORS®,≤100
210357995667559,The National Memo,The National Memo,≤100
144493206227059,Kali Fox Miller,Elect Kali Fox Miller,≤100
128334087241432,Todd Starnes,Starnes Media Group LLC,≤100
113672614644790,"Yes on A for Marin Parks, Open Space and Farmland",Marin Measure A 2022,≤100
64468870451,Premiere Speakers Bureau,Premiere Speakers Bureau,≤100
223037094382846,She Is Safe,SHE IS SAFE INC,≤100
103974389650244,Amenders for Federal Spending Control,Mark Albert Meier,≤100
113341457791145,Voices for Healthy Green Spaces,Voices for Healthy Green Spaces,≤100
169731464548,Sesame Street,SESAME WORKSHOP,≤100
233232726827616,Mary Rabago Productions,Mary Rabago Productions,≤100
116059863420828,Sam Yebri For Los Angeles City Council,Sam Yebri For Los Angeles City Council 2022,≤100
915445032137036,Amanda Makki for Congress,Amanda Makki for Congress,≤100
239029093423,Dave Jones,Dave Jones for State Senate 2022,≤100
162880063776304,Cornerstone Doula Trainings,These ads ran without a disclaimer,≤100
106999591588951,Citizenconnect.us,Bridge Alliance Education Fund,≤100
104745299569161,National Indian Health Board,NATIONAL INDIAN HEALTH BOARD,≤100
124626320898336,Catholic Extension,"CATHOLIC CHURCH EXTENSION SOCIETY OF THE UNITED STATES OF AMERICA, THE",≤100
109813941313868,Mike Collins,COLLINS FOR CONGRESS,≤100
135403221037,City Journal,City Journal,≤100
107507947852365,Nicole Horn For Georgia Labor Commissioner,Nicole Horn for Labor Commissioner,≤100
250485248333218,Clean Air Task Force,CLEAN AIR TASK FORCE,≤100
123433462382123,Cora Neumann,CORA FOR MONTANA,≤100
606218159749650,Justin Cummings for Third District Supervisor,Cummings for Supervisor 2022,≤100
168876449866088,The Years Project,THE YEARS PROJECT,≤100
100517955892686,Esther Portillo,Esther Portillo For Assembly 2022,≤100
53674651369,Susan B. Anthony List,Susan B. Anthony List,≤100
270826723039149,The Coalition to Protect Americas National Parks,"COALITION OF NATIONAL PARK SERVICE RETIREES, INC.",≤100
101647158804605,Dee Johnson for Judge,Dee Johnson for District Court,≤100
210937299260017,USA Features Media,USA Features Media LLC,≤100
100790632013352,Wesley Smith for Congress,WESLEY SMITH FOR CONGRESS,≤100
407664862957433,Ammar Campa-Najjar,AMMAR CAMPA-NAJJAR FOR MAYOR 2022,≤100
192609620649,The University of Chicago,The University of Chicago,≤100
9538894955,John F. Kennedy Presidential Library and Museum,"John Fitzgerald Kennedy Library Foundation, Inc.",≤100
108436851715699,Venton Jones for Texas State Representative for House District 100,Venton for Texas,≤100
106818880900065,Planet Insiders,Planet Insiders,≤100
21492729544,Catholic Relief Services,CATHOLIC RELIEF SERVICES - UNITED STATES CONFERENCE OF CATHOLIC BISHOPS,≤100
102027764795677,American Wire,BizPac Review,≤100
285399776661,Shawnna Bolick,Vote Bolick. Authorized by Shawnna Bolick.,≤100
1749225825304725,Litigator Assistant,Litigator Assistant Inc.,≤100
110484048228624,The Phrygian Cap,Defending Freedom LLC,≤100
518194348194441,RepresentUs,RepresentUs,≤100
559861730742333,Nels for Congress,Nels For House,≤100
349702751902673,Hereditary Angioedema Association - HAEA,HEREDITARY ANGIOEDEMA ASSOCIATION INC.,≤100
103747761393271,Lootpress,Lootpress,≤100
103210743084765,Resonate,Resonate,≤100
108117271820740,Alex Gray,ALEX GRAY FOR SENATE,≤100
1425435377743310,Conversations with Bill Kristol,FOUNDATION FOR CONSTITUTI,≤100
109218221460488,Gerald Moore for Cobb Superior Court Judge,Friends To Elect Gerald Moore For Cobb County,≤100
103983379801,Texas Democratic Party,Texas Democratic Party,≤100
107309208216087,LedeProgress,Lede Progress,≤100
330616501124211,Drew Murray 4 PHL City Council At-Large,Friends of Drew Murray,≤100
109592402468562,Deb Fischer,DEB FISCHER FOR US SENATE,≤100
102766768897346,Ben Chou for County Commissioner,Ben Chou for Texas,≤100
114209360263932,On Point with Rachel Tourgeman,Rachel Tourgeman,≤100
101564054951838,We The Forest,We The Forest,≤100
1720878078241107,Conservative Move,Conservative Move,≤100
100496169211236,Carter Barrett for State House,CARTER BARRETT FOR STATE HOUSE,≤100
931229006969702,Jump Start Ministry,JUMPSTART South Carolina,≤100
6225522279,Marcy Kaptur,KAPTUR FOR CONGRESS,≤100
151057528363990,Mission Springs Water District,Mission Springs Water District,≤100
494259170754224,Keeping IDentities Safe,KEEPING IDENTITIES SAFE,≤100
349904785020665,Law & Liberty,"Liberty Fund, Inc.",≤100
117390304991592,Richard Duncan: Economics in the Age of Paper Money,Target Marketing Digital LLC,≤100
2029108860704039,Thomas Jefferson Institute,THOMAS JEFFERSON INSTITUTE FOR PUBLIC POLICY INC,≤100
95001097200,National Association of Manufacturers,NATIONAL ASSOCIATION OF MANUFACTURERS OF THE UNITED STATES OF AMERICA INC.,≤100
226999127329906,New York Immigration Lawyer,Law Office of Alena Shautsova,≤100
191047324691678,"Baltimore County Councilman Izzy Patoka, District 2",Friends of Izzy Patoka,≤100
214061167976,El Tiempo Latino,MASTV EL PLANETA LLC,≤100
383677738397139,Association for Accessible Medicines,Association for Accessible Medicines,≤100
269178183093705,Free for Life International,Free for Life International,≤100
1004841912954977,Assemblyman D. Billy Jones,Friends of Billy Jones,≤100
215199482635728,Alek Skarlatos,ALEK FOR OREGON,≤100
102771646440276,Jesus Christ Savior by Beliefnet,"BN Media, LLC",≤100
97493741436,John W. Hickenlooper,HICKENLOOPER FOR COLORADO,≤100
100154641395795,April Becker,BECKER FOR CONGRESS,≤100
416384822549260,A Better Delaware,A Better Delaware,≤100
100638979105192,La'Ron Singletary for Congress,SINGLETARY 4 CONGRESS,≤100
101164222515632,The Hopeful Realist,The Hopeful Realist,≤100
111930457141616,Tempest,Philip T Gasper,≤100
100337639207006,Noelle for Georgia House District 117,Noelle for Georgia,≤100
104235371680366,Alex Lasry,LASRY FOR WISCONSIN,≤100
143063095713907,Hep,"CDM PUBLISHING, LLC",≤100
2007361039550045,"Center for Free, Fair, and Accountable Democracy","CENTER FOR FREE, FAIR, AND ACCOUNTABLE DEMOCRACY, INC.",≤100
114772974408210,I Love America,The Boswell Project,≤100
349800859019034,The 19th News,The 19th,≤100
236369846383459,Congressional Black Caucus PAC,CONGRESSIONAL BLACK CAUCUS PAC,≤100
101379389101290,Keep Texas Red,The Boswell Project,≤100
405209453580678,Proud Trump Supporters,Proud Right Winger,≤100
102025172130448,Oscar Ortiz for Napa County Sheriff,Oscar Ortiz for Sheriff 2022,≤100
104396194587918,C3 Solutions,Conservative Coalition for Climate Solutions,≤100
101426792311938,Political Edge Comics,Political Edge,≤100
373814729643508,Let America Vote,Let America Vote PAC and National Democratic Redistricting Committee,≤100
1622448958007112,Douglass Leadership Institute,DOUGLASS LEADERSHIP INSTITUTE INC,≤100
108230237750093,Charter,"Charter Works, Inc.",≤100
154561574598964,White Coat Waste Project,THE WHITE COAT WASTE PROJECT INC,≤100
1576841435978886,Larry Sharpe,Larry Sharpe for Governor,≤100
104431545336144,Rick Foster for OC Assessor,Rick Foster for Orange County Assessor 2022,≤100
407902639235640,JNS.org,Jewish News Syndicate,≤100
107363788552124,Local Solutions Support Center,Local Solutions Support Center,≤100
101400032438085,The A-Mark Foundation,A MARK FOUNDATION,≤100
339432396135584,The Exodus Road,The Exodus Road,≤100
128103650601995,The Conservative Caucus,CONSERVATIVE CAUCUS INC,≤100
75608370019,United States Institute of Peace,UNITED STATES INSTITUTE OF PEACE,≤100
105235018446683,Beth Smith - Washoe County School Board Trustee,Committee to Elect Beth Smith,≤100
79125112926,Students for Life of America,"STUDENTS FOR LIFE OF AMERICA, INC.",≤100
1079789672084038,SimonBooks,Simon & Schuster,≤100
1628922377207463,Randy Feenstra,FEENSTRA FOR CONGRESS,≤100
254659847902440,Ven Johnson Law,"Johnson Law, PLC",≤100
105155545186714,"Stand Up for Property Rights, Big Woods and Wetlands","Stand Up For Property Rights, Big Woods and Wetlands",≤100
105242752173871,True Freedom News,Carter Michael Hughes,≤100
110177540383264,Rachael Cabral-Guevara for State Senate,Friends of Rachael Cabral-Guevara,≤100
104319892920,Michigan Republican Party,"the Michigan Republican Party with regulated funds. Not authorized by any candidate or candidate's committee. 520 Seymour Ave, Lansing MI 48933",≤100
6165653060,AFSCME,AMERICAN FEDERATION OF STATE COUNTY & MUNICIPAL EMPLOYEES,≤100
16317479654,Deseret News,Deseret News,≤100
58019237565,Tan Parker,Tan Parker Campaign,≤100
248775065305797,Black Butte Copper,Sandfire Resources America,≤100
110124618713,American Principles Project,American Principles Project,≤100
1214686795343910,Integrity First for America,INTEGRITY FIRST FOR AMERICA,≤100
21090771700,Gun Owners of America,Gun Owners of America,≤100
107563871726175,Anna Beth for Arkansas,Anna Beth for Arkansas,≤100
311155110668,Common Sense Society,Common Sense Society,≤100
106507982029857,Al Carlson for Fargo,Carlson for City Commission,≤100
106487031844455,Jay Kleberg for Texas Land Commissioner,JAY KLEBERG CAMPAIGN FOR TEAXAS LAND COMMISSIONER,≤100
1376465702586897,Coloradans for Responsible Energy Development,Coloradans for Responsible Energy Development,≤100
63240625785,National Immigration Forum,NATIONAL IMMIGRATION FORUM,≤100
36474716066,Color Of Change,ColorofChange.org,≤100
89757739264,Farm Credit,Farm Credit Council,≤100
129064750465027,Women's Earth Alliance,Earth Island Institute,≤100
100403348807892,Officially American,Nicholas Pagnotta,≤100
135136843854946,Abdelnasser Rashid,RASHID FOR ILLINOIS,≤100
147523538641547,Capitol Ministries,CAPITOL MINISTRIES,≤100
253791814655400,Doug Collins,DOGWOOD STRATEGIES INC,≤100
101534632575772,MAGA Alerts,Carter Michael Hughes,≤100
126855128568,FEBC (Far East Broadcasting Company),"FAR EAST BROADCASTING COMPANY, INC.",≤100
109467094912730,No Way Greenway 2022,No Way Greenway,≤100
100311585651443,Jana Bradford For Prosecuting Attorney - 9W Judicial District,Jana Bradford,≤100
182200225145953,Damon Connolly,Damon Connolly for Assembly 2022,≤100
104888014891398,Alexi For Us,CITIZENS FOR GIANNOULIAS,≤100
112600915451330,No Labels,No Labels,≤100
103836648482530,Compass Rose International,GLOBAL ORPHAN PREVENTION,≤100
314808986017,John Boozman,BOOZMAN FOR ARKANSAS,≤100
115057934426656,Mike Newhouse,NEWHOUSE FOR CITY COUNCIL 2022,≤100
104182222225110,Change the Narrative,Change the Narrative,≤100
11602044174,Independent Women's Forum,Independent Women's Forum,≤100
383191870714,Carrot,Common Pool,≤100
1802584223384451,Mariannette Miller-Meeks,MILLER-MEEKS FOR CONGRESS,≤100
936968016365794,The Eric Metaxas Radio Show,Salem Media,≤100
107583541814853,Gettin' By,These ads ran without a disclaimer,≤100
1493899980857811,Clint Penzo,Clint Penzo for Arkansas,≤100
1934158976830122,Sean Casten for Congress,CASTEN FOR CONGRESS,≤100
817567028361575,The Halcyon Movement,The halcyon movement,≤100
100501091325122,Call for Congress,COMMITTEE TO ELECT JASON CALL,≤100
109091475004269,Alex Walker,WALKER FOR COLORADO,≤100
330913244022724,NJ Education Report,"NJ Education Report, a platform of brightbeam, inc.",≤100
579945178720985,Cheri Beasley,CHERI BEASLEY FOR NORTH CAROLINA,≤100
102167902428325,Alameda Forward,Alameda Forward - Yes on B 2022,≤100
173266720288435,Galan Law Firm,Galan Law Firm PLLC,≤100
19036504767,Center for Victims of Torture,"CENTER FOR VICTIMS OF TORTURE, THE",≤100
101331215917241,MorenoforSupervisor,Working Families for Jaclyn Moreno for Sacramento County Supervisor 2022,≤100
107131371168577,Camping-Life-Stores,These ads ran without a disclaimer,≤100
103373519004702,Environmental Solutions Coalition,Environmental Solutions Coalition,≤100
210063369158387,DomesticShelters.org,Theresa's Fund,≤100
111464544881905,America First News,Tomer Barazani,≤100
433919203362871,Bird + Stone,BIRD & STONE INC,≤100
301842506513595,Dina Titus,TITUS FOR CONGRESS,≤100
10897453188,Operation Mobilization - OM USA,"OPERATION MOBILIZATION USA, INC.",≤100
2117853481633084,Frederick Frazier for Texas,Frazier for Texas Campaign,≤100
346612865750115,Korea Defense Veterans Association,Korea Defense Veterans Association,≤100
1490813904322906,Deidre DeJear,DEJEAR FOR IOWA,≤100
107194901037259,"I'm American, Born & Raised",Nicholas Pagnotta,≤100
5435784683,Greenpeace USA,"GREENPEACE, INC.",≤100
2392327931036570,BRIGHTMARK,Brightmark,≤100
99050726344,Phillips Theological Seminary,PHILLIPS THEOLOGICAL SEMINARY,≤100
53146310429,Consumer Reports,These ads ran without a disclaimer,≤100
226132978839353,Ask Shelli The Podcast,"Gemstone Consulting, LLC",≤100
911828698840246,ReLEntless Defender Apparel,ReLEntless Defender Apparel,≤100
659878157406228,America's Warrior Partnership,America's Warrior Partnership,≤100
186097812110,BioNJ,BIONJ INC,≤100
102572695185979,Snake River Lib,Philip A Lovesee,≤100
102151458345790,Born Human Apparel,Cassandra Naldoza,≤100
1480061175614032,Kern Citizens for Energy,Kern Citizens for Energy,≤100
103721188433935,Eric Guerra for Assembly,"Eric Guerra for Assembly 2022, FPPC #1443246.",≤100
133753583953215,American History in 90 Minutes - The Common-Sense Guide to U.S. History,American History in 90 Minutes,≤100
106731308642035,Guy with a Political Science degree,Edwin Joel Merrick,≤100
1832744013698336,Mahogany Mommies,Mahogany Mommies,≤100
546643589052271,Sarah Godlewski,Sarah for Wisconsin,≤100
326806805384499,Justice For Veterans,American Freedom Shop,≤100
102682681124239,August Pfluger,AUGUST PFLUGER FOR CONGRESS,≤100
107227861694631,On Wisconsin PAC,On Wisconsin PAC,≤100
148337431855825,Houghton Mifflin Harcourt,Houghton Mifflin Harcourt,≤100
17203056985,Partners In Health,Partners In Health,≤100
147368882623027,Black Futures Lab,Black Futures Lab,≤100
113778833499506,California Labor and Business Alliance,California Labor and Business Alliance,≤100
99490682474,Americans for Prosperity - Colorado,AMERICANS FOR PROSPERITY,≤100
1503295233268493,Lebowski Lovers,The Dude's Threads,≤100
369803630075739,Phillips 66 Aviation,These ads ran without a disclaimer,≤100
1125214957608935,Summer L. Lee,Summer Lee for Congress,≤100
110556777915958,Matt Putorti,MATT PUTORTI FOR CONGRESS,≤100
30618466815,Pacific Legal Foundation,Pacific Legal Foundation,≤100
100470349235347,Save Texas,Texas Campaign for the Environment,≤100
708677422591042,Kevin Kiley,Kevin Kiley For Congress,≤100
111131133551811,The Locke Society,Locke Society Inc,≤100
8501031021,VoteVets.org,VOTEVETS,≤100
108966328194416,Save America,Defending Liberty LLC,≤100
103036958927760,Red Wave,The Boswell Project,≤100
6266829799,Sherrod Brown,FRIENDS OF SHERROD BROWN,≤100
591337827576640,Barry Usher for Montana,Barry For Montana,≤100
1604371783193820,Evan McMullin,MCMULLIN FOR UTAH INC.,≤100
107008774760761,Color Us United,Color Us United,≤100
6355071377,American Cancer Society Cancer Action Network - ACS CAN,AMERICAN CANCER SOCIETY CANCER ACTION NETWORK INC,≤100
303374266418976,AFPM,American Fuel & Petrochemical Manufacturers,≤100
177468535761851,Cruelty Free International - United States,Cruelty Free International - United States,≤100
659894957399226,Reclaim13,COMPASSIONATE COMMUNITIES FOR CHILDREN,≤100
191975737491988,Jennifer Wexton,WEXTON FOR CONGRESS,≤100
10150118230675004,"Independent Firearm Owners Association, Inc.",Richard Jay Feldman,≤100
109201268308861,Dr. Joni for Long Beach City Council - District 9,Oddie for Council 2022,≤100
74593887556,Miami's Community Newspapers,Miami's Community Newspapers,≤100
183659873191403,DIA,DIA,≤100
104377641671195,Salem Podcast Network,Salem Media,≤100
201715813977600,Nikki Fried,"Nikki Fried, Democrat, for Governor",≤100
105782847823987,Invite Resources,St. Andrew United Methodist Church,≤100
114160220335768,Hit No More,New York Foundling,≤100
430869277025501,Dr. Nancy O'Reilly,"WOMEN CONNECT4GOOD, INC.",≤100
1788530101402591,Rep. John McCravy,McCravy for House,≤100
1316372698453411,Alexandria Ocasio-Cortez,THE SQUAD VICTORY FUND,≤100
106042951984377,DC Enquirer,The Boswell Project,≤100
541211892749251,EmolumentsClause,Collins O Nyabwa,≤100
7962229886,Environmental Working Group,ENVIRONMENTAL WORKING GROUP,≤100
702582586516561,CBN Israel,"The Christian Broadcasting Network, Inc.",≤100
151196904914893,Victor Pinchuk Foundation,These ads ran without a disclaimer,≤100
554230608384161,Smart Again,Todd Christopher Henry,≤100
105861441295494,97Percent,97PERCENT ORG INC,≤100
83865976093,Truthout,TRUTHOUT,≤100
2303843969939459,Main Street Family Medicine,These ads ran without a disclaimer,≤100
105159868790586,Jess Self for Assembly,Self for Assembly 2022,≤100
42940254353,Human Rights Watch,"HUMAN RIGHTS WATCH, INC.",≤100
107873971897757,David Graves for Supervisor,Graves for Supervisor 2022,≤100
38236386996,LSU Press,LSU Press,≤100
118372414848063,UN Women USA,UN Women USA,≤100
110712737213610,YDS - You Don't Say: Stories from the Drew Zagorski Files,Drew Zagorski,≤100
105320878769373,Francisco Navarro for Superior Court Judge 2022,Francisco Navarro for Superior Court Judge,≤100
19746387261,Humane Society International,Humane Society International,≤100
74184744386,Ken Buck,BUCK FOR COLORADO,≤100
56431624743,Ceres,Ceres,≤100
256961648289441,Dierdre Luzwick,These ads ran without a disclaimer,≤100
190343811069679,Peter Franchot,Franchot Anderson-Walker for Maryland Slate,≤100
108703294887683,The Recycled Rubber Coalition,Kenneth Stratton Kirton,≤100
110909394960,Grameen Foundation,GRAMEEN FOUNDATION USA,≤100
102529627943579,Make Penny Stocks Great Again,Link Media LLC,≤100
100416560012896,Friends of the Everglades,FRIENDS OF THE EVERGLADES INC,≤100
8924408197,National Partnership for Women & Families,National Partnership for Women & Families,≤100
101308925134403,BlackPush Inc.,BlackPush Inc,≤100
113903227975693,Dawn McIntosh For Long Beach City Attorney,Dawn McIntosh for Long Beach City Attorney 2022 FPPC# 1441513,≤100
1616728165212478,Environmental Voter Project,"Environmental Voter Project, Inc.",≤100
1438402866378921,BookShark,BookShark,≤100
487569614682924,CAPP USA,Yellow Line Productions LLC,≤100
107816471722646,Carolina Chavez for Chula Vista City Council,Carolina Chavez for Chula Vista City Council 2022 |,≤100
416381175589490,Sam Peters,COMMITTEE TO ELECT SAM PETERS,≤100
103663615203673,Texans for Stronger Schools,Texans for Stronger Schools,≤100
111564223958042,Ending Disease Documentary,Crushed Planet,≤100
8550121410,Free Speech America Project,MEDIA RESEARCH CENTER,≤100
106105704125425,Representative Glenn Rogers,Glenn Rogers Campaign,≤100
104972115482686,"Alma Hernandez for Superior Court Judge, Seat #30",Alma Hernandez for Judge,≤100
830121337093232,National Democratic Training Committee,NATIONAL DEMOCRATIC TRAINING COMMITTEE PAC,≤100
1526707030943680,Phoenix Dream Center,City Help Inc of Phoenix dba Phoenix Dream Center,≤100
108614877494379,Breitling for Senate,Breitling For Senate,≤100
402131763219332,James Gallagher,Gallagher for Assembly 2022,≤100
103806957816376,Kat Cammack,KAT FOR CONGRESS,≤100
306591716448427,Cindy Axne,CINDY AXNE FOR CONGRESS,≤100
291391109320335,Cooke for Congress,COOKE FOR CONGRESS,≤100
102846434825096,Boot Texas Republicans,Boot Texas Republicans,≤100
108889434934684,Jerone Davison for Congress,Jerone For Congress,≤100
16477459734,League of Conservation Voters,"LEAGUE OF CONSERVATION VOTERS, INC",≤100
13759741267,Sesame Workshop,SESAME WORKSHOP,≤100
1580844735465499,Mighty Oaks Warrior Programs,These ads ran without a disclaimer,≤100
104334972240670,Eric Isaac for Judge,Eric Isaac for Judge,≤100
100183381419634,The Expendable,These ads ran without a disclaimer,≤100
111687831420243,Brian Christine for State Senate,Christine For Senate,≤100
296093157932840,The Fulcrum,The Fulcrum,≤100
130945114804,World Jewish Congress,WORLD JEWISH CONGRESS AMERICAN SECTION INC,≤100
110010433804232,Standing For Freedom Center,Falkirk Center,≤100
33699882778,Dr. Bronner's,Dr. Bronner's,≤100
101618065899250,Enriching Richmond County,These ads ran without a disclaimer,≤100
19972147679,SEIU,SEIU,≤100
844884375628478,Amie Engerbretson,Protect Our Winters,≤100
107475908501338,Reddy for House,Narender Reddy for State House,≤100
111893659171316,Choose Love,Choose Love Inc.,≤100
309931049030916,Break The Silence Against Domestic Violence,"BREAK THE SILENCE AGAINST DOMESTIC VIOLENCE, INC",≤100
711478725532801,Civiqs,Civiqs,≤100
61504497057,Children's Hospital New Orleans,"LCMC HEALTH HOLDINGS, INC.",≤100
1775685499406954,Scott Baugh,Scott Baugh for Congress,≤100
182620315479,Plan International USA,Plan International USA,≤100
110070037953560,Victims.org,Victims Support Group LLC,≤100
300771948461,County Health Rankings & Roadmaps,County Health Rankings & Roadmaps,≤100
105308345413609,Chris Johns for Judge,"Chris Johns, nonpartisan, for Clay County Judge, Group 1.",≤100
393052450830634,Razom for Ukraine,"RAZOM, INC.",≤100
249467225254927,The Love > hate Project,LOVE GREATER THAN HATE PROJECT,≤100
1131283233717873,Patriots For Trump,Jordan Ray Riddle,≤100
220538341415523,The Satanic Temple,The Satanic Temple,≤100
108433238844,CWEB,CWEB Inc.,≤100
524399207959953,Truth & Liberty Coalition,Truth & Liberty Coalition,≤100
100284648021034,New Tolerance Campaign,New Tolerance Campaign,≤100
269479249997,NSSF—The Firearm Industry Trade Association,National Shooting Sports Foundation,≤100
34440108608,Net Impact,NET IMPACT,≤100
101513908193475,Manny Kess,Manny For Nevada,≤100
571182609571332,NextGen America,NextGen Climate Action,≤100
341828139690,Heritage Defense,Heritage Defense,≤100
12418921421,SEMA,Specialty Equipment Market Association,≤100
80696790240,Global Ministries (Disciples of Christ and United Church of Christ),Global Ministries - United Church of Christ and Christian Church (Disciples of Christ),≤100
106672632011808,George Radanovich for Senate,George for Senate 2022,≤100
529154000442477,America Rising,AMERICARISINGPAC.ORG,≤100
1382441768496365,Pentair,PENTAIR,≤100
278434943062355,WellBeing International,"WellBeing International, Inc.",≤100
1691667177798461,Brut,Brut,≤100
287177021453683,Kevin Muldoon,MULDOON FOR SUPERVISOR,≤100
102596355656379,Patriot News Daily,William Gordan Tanner,≤100
105812542104705,Ricardo Lara’s Corruption is Making Headlines,Marc Levine for Insurance Commissioner 2022,≤100
101967468288183,James Coleman for State Assembly,James Coleman for State Assembly 2022,≤100
1722872318024029,Great Lakes Business Network,Great Lakes Business Network,≤100
953410628170456,Allhealthgo,South Florida PBS,≤100
103474202232363,Lou's News,Jason Donald Robertson,≤100
112272764796991,Underdog Ukraine,These ads ran without a disclaimer,≤100
1977738355807406,Sharice For Congress,SHARICE FOR CONGRESS,≤100
203583423017526,National Immigration Law Center,National Immigration Law Center,≤100
115151641078535,Ron DeRoest for Ada County Assessor,Ron For Assessor,≤100
108997885106909,Chip in America,Chip In America LLC,≤100
163162542495943,David Alexis For Brooklyn,David for State Senate,≤100
113626351223165,Joe Kerr for State Senate District 38,Joe Kerr for Senate 2022,≤100
180060629247353,Elaine Luria for Congress,ELAINE FOR CONGRESS,≤100
118626774835274,Medicare Made Clear,Medicare Made Clear from United Healthcare,≤100
450292965004826,Senator Al Novstrup,Novstrup for State Senate,≤100
245711905631405,Jeff Jackson,JEFF JACKSON FOR CONGRESS,≤100
23362993101,Center for Immigration Studies,CENTER FOR IMMIGRATION STUDIES,≤100
102559175705300,Wake Up the Sleeping Giant,Michael Scott Hughes,≤100
54820342268,National Association of Secondary School Principals (NASSP),NATIONAL ASSOCIATION OF SECONDARY SCHOOL PRINCIPALS,≤100
1673902136247129,David Belle Isle,GEORGIANS FOR BELLE ISLE INC,≤100
109104141724527,Chris Taylor For Judge,Chris Taylor for Kendall County Judge,≤100
78420171887,Sailors for the Sea,OCEANA INC,≤100
113163527802501,Reyes 4 Texas,Raul for Texas,≤100
420785874975425,Conservative Institute,The Conservative Institute,≤100
101626535691142,Tina Blum Cohen for U.S. House of Representatives Texas District 7,TINA BLUM COHEN FOR US HOUSE OF REPRESENTATIVES TEXAS DISTRICT 7,≤100
626030027854831,Ben Bumgarner for Texas Representative HD 63,BEN BUMGARNER FOR TEXAS STATE REPRESENTATIVE,≤100
11234736860,McClintock for Congress,McClintock for Congress,≤100
139062085972,Illinois Family Institute,"ILLINOIS FAMILY INSTITUTE, THE INC",≤100
202071006601223,GOOD PARTY,THE GOOD PARTY,≤100
108060587996013,Joe Kent for Congress WA-03,JOE KENT FOR CONGRESS,≤100
218566214841042,3M,3M COMPANY,≤100
373104969480729,SpeakEasy Political,SPEAKEASY POLITICAL INC,≤100
380307012173800,American Farming Flags,American Farming Flags,≤100
113682460051,Pencils Of Promise,PENCILS OF PROMISE INC,≤100
101501768597429,Julia Letlow,Julia Letlow for Congress,≤100
5878048748,GlobalGiving,"GLOBALGIVING FOUNDATION, INC.",≤100
102348718970238,Jan Kulmann,JAN FOR CONGRESS,≤100
7515233409,"Mikey Weinstein, MRFF",MILITARY RELIGIOUS FREEDOM FOUNDATION,≤100
197760674021143,Indivisible Guide,Indivisible Project,≤100
102303478908981,Elisa Chan for Texas House,ELISA CHAN CAMPAIGN,≤100
23875187730,Feeding America,Feeding America,≤100
43819229306,Minocqua Brewing Company,MINOCQUA BREWING COMPANY LLC,≤100
106575991953149,Free Country Heritage,Defending Freedom LLC,≤100
19972147679,SEIU,SEIU COPE (SERVICE EMPLOYEES INTERNATIONAL UNION COMMITTEE ON POLITICAL EDUCATION),≤100
749923035033144,Barron Casteel for Texas,BARRON CASTEEL FOR TEXAS,≤100
101131625108616,Ando,Ando Inc.,≤100
1800072483402009,African Community & Conservation Foundation,African Community & Conservation Foundation,≤100
130130503698358,Eastern European Mission,EASTERN EUROPEAN MISSION,≤100
220538341415523,The Satanic Temple,THE SATANIC TEMPLE,≤100
110094158160834,Red Wave News,William Gordan Tanner,≤100
111264034897539,Neighbors for a Better Long Beach,Neighbors for a Better Long Beach,≤100
97624620788,American Friends of Magen David Adom,AMERICAN FRIENDS OF MAGEN DAVID ADOM,≤100
0,Instagram User 9082075022,These ads ran without a disclaimer,≤100
605168822998856,314 Action,314 ACTION FUND,≤100
280569155330326,AFP - Iowa,AMERICANS FOR PROSPERITY,≤100
114386721939978,The Made in America Store,Made In America Store,≤100
510680265702016,Crowned Free,Crowned Free,≤100
121626482110,Operation Smile,OPERATION SMILE,≤100
202200909969136,Diane Dixon,Diane Dixon for Assembly 2022,≤100
150442594294,Laura Kelly,Laura Kelly for Kansas,≤100
43853729859,Campaigns & Elections,Political World Communications,≤100
105762936143008,Uponor North America,Uponor North America Inc.,≤100
168109446538119,St. Martin's Press,Macmillan Publishing,≤100
111381114710035,Luis Cetina,Cetina for Supervisor 2022,≤100
101103254533,SOS International,SOS International,≤100
107479248557339,Scott Richards for State House,Scott Richards Georgia HD 16,≤100
106110045409622,Yes on E: Protect Larkspur-Corte Madera Schools,Committee to Protect Excellent Larkspur-Corte Madera Schools — Yes on E,≤100
103851564652,Waterkeeper Alliance,WATERKEEPER ALLIANCE INC,≤100
104377518078467,More Perfect Union,MORE PERFECT UNION FOUNDATION,≤100
2248641948741400,Indigenized Energy Initiative,EARTH ISLAND INSTITUTE INC,≤100
214056228741684,The Justice Party,"Justice Party, Inc",≤100
717339155320936,Better Solutions for Healthcare,Better Solutions for Healthcare,≤100
100535808394168,Patriots For Freedom,I Love My Freedom,≤100
458142697588014,AARP Public Policy Institute,AARP,≤100
187713745097888,Save the Alamo,Save The Alamo Committee,≤100
123857614319417,Texas Nationalist Movement,Texas Nationalist Movement,≤100
500807353427258,Al Austin for Assembly 2022,Al Austin for State Assembly,≤100
103241721941537,See Us Differently,See Us Differently,≤100
20237874656,Institute for Policy Studies,Institute for Policy Studies,≤100
59826489083,SELC,SOUTHERN ENVIRONMENTAL LAW CENTER,≤100
88858633879,Beyond Pesticides,BEYOND PESTICIDES,≤100
123651254408327,Sokolove Law,"Sokolove Law, LLC",≤100
32975139631,If Americans Knew,If Americans Knew,≤100
108655464941854,Kathleen Brown,KATHLEEN FOR CONGRESS,≤100
1581819558516148,Nunn Bush,Weyco Group,≤100
102047517918,The Commonwealth Fund,"COMMONWEALTH FUND, THE",≤100
100162215660565,Primary Sinema,Change for Arizona 2024 PAC,≤100
100367089248677,Mike Jacobs for DA of OC,COMMITTEE TO ELECT MICHAEL JACOBS DISTRICT ATTORNEY 2022,≤100
7735858972,Humane Society Legislative Fund,Humane Society Legislative Fund,≤100
102031242285090,Burks For Montana,Burks for Montana,≤100
108155598473433,American Patriot News,Michael Scott Hughes,≤100
86711894400,National Write Your Congressman,National Write Your Congressman,≤100
222239681125641,Long Beach Firefighters,Long Beach Firefighters,≤100
151119378313327,Tony Evers,Tony for Wisconsin,≤100
101118515905454,Blue Collar Candidate,These ads ran without a disclaimer,≤100
6756153498,Mike Bloomberg,Bloomberg Philanthropies,≤100
313723095478950,The Daily Citizen,Focus on the Family,≤100
95483488591,Democratic Party of Wisconsin,DEMOCRATIC PARTY OF WISCONSIN,≤100
205795426669644,Facts and Logic about the Middle East,Facts and Logic About the Middle East,≤100
261548845154,Veronica Escobar,VERONICA ESCOBAR FOR CONGRESS,≤100
218020061613734,UBS,UBS Financial Services Inc.,≤100
104895275222750,TeraWulf,These ads ran without a disclaimer,≤100
1483977658578577,Jasmine Beach-Ferrara,JASMINE BEACH-FERRARA FOR CONGRESS,≤100
26006662641,Arizona Democratic Party,Arizona Democratic Party,≤100
108162940871582,Commonwealth Leaders Fund,Commonwealth Leaders Fund,≤100
19342050934,Leadership Institute,LEADERSHIP INSTITUTE INC,≤100
106572950040377,Max Rose,Max Rose for Congress,≤100
196098536897,Texas Right to Life,Texas Right to Life,≤100
30792325085,Bipartisan Policy Center,"BIPARTISAN POLICY CENTER, INC.",≤100
122890138436648,Generally Irritable with Ericka Redic,Ericka Lynn Redic,≤100
102771262126107,Daniel Hertzberg for State Senate,Daniel Hertzberg for Senate 2022,≤100
108102704441,US Campaign for Palestinian Rights,Education for Just Peace in the Middle East,≤100
295644160460352,Donald Trump Jr.,Blue Pack Marketing,≤100
122894447754361,Institute for New Economic Thinking,"INSTITUTE FOR NEW ECONOMIC THINKING, THE",≤100
107299941677097,Impeach Joe Biden,Defending Freedom LLC,≤100
513695272011123,The Genesis Prize,GPF NA LLC,≤100
279798632466565,Vivian Moreno,Vivian Moreno for City Council 2022,≤100
13867925345,Equality Florida,Equality Florida,≤100
238473269650980,Capital & Main,CAPITAL & MAIN,≤100
100785085888800,Wake The Sleeping Giant,Michael Scott Hughes,≤100
100381672607676,Tanya Miller for Georgia State House - District 62,Tanya for Georgia Inc.,≤100
497348647140658,Point Source Youth,Point Source Youth,≤100
101064782514332,Free and Fair Elections USA,Free and Fair Elections USA,≤100
117592091643709,Tree of Life Ministries｜Evangelism in Israel,Tree of Life Ministries,≤100
170623746891590,Carl Perry for State House,Carl Perry for SD House,≤100
104482607996255,Discourse Magazine,MERCATUS CENTER INC,≤100
126305280752104,Slavic Gospel Association,SLAVIC GOSPEL ASSOCIATION,≤100
508887815910815,BPR,BizPac Review,≤100
230201093693895,Betsy Johnson,Run Betsy Run,≤100
1614294382123432,Universal Peace Federation USA,UNIVERSAL PEACE FEDERATION USA INC,≤100
188115967909632,Olmsted County Sheriff's Office,Olmsted County Sheriff's Office,≤100
814705172017182,Genusee,Genusee,≤100
6820348410,Kirsten Gillibrand,Gillibrand for Senate,≤100
1707823392631263,Josh Hoover,Hoover for Assembly 2022,≤100
645392368909975,carafem,carafem,≤100
100530685878628,Bridget Melson Daughter of the King,Bridget Melson for Mayor,≤100
5633824547,FreedomWorks,"FREEDOMWORKS, INC.",≤100
802271849850801,Freedom for All Americans,Freedom for All Americans,≤100
100131409306454,Max Dotson for Sheriff of Lauderdale County,These ads ran without a disclaimer,≤100
279890513018,Islamic Networks Group - ING,"ISLAMIC NETWORKS, INC.",≤100
104299831779270,Alamosa Citizen,Christopher Victor Lopez,≤100
264708616937941,State Representative Jim Dotson for State Senate,Jim Dotson Campaign,≤100
104442088675809,Amane for Congress,AMANE FOR CONGRESS,≤100
226999127329906,New York Immigration Lawyer,Alena Shautsova,≤100
286999398309679,Enel Green Power,"Enel North America, Inc.",≤100
260754507296508,The Voter Participation Center,Voter Participation Center,≤100
425303257834064,Tom Basile,TomBasile.com,≤100
109072395032503,Committee to Invest in San Rafael Schools - YES on Measures B & C,Committee to Invest in San Rafael Schools,≤100
46587884802,Demos,"DEMOS: A NETWORK FOR IDEAS AND ACTION, LTD.",≤100
199891603386344,Common Ground Committee,Common Ground Committee,≤100
102326269134643,Yes on H - Davis,Yes on Measure H,≤100
97466887664,Innocence Project,"INNOCENCE PROJECT, INC., THE",≤100
7229514244,Drug Policy Alliance,DRUG POLICY ALLIANCE,≤100
486123405130007,100 Percent Campaign,100% Action,≤100
6115848166,Nature Portfolio,These ads ran without a disclaimer,≤100
409894992684800,The Yard Sign,The Yard Sign Podcast,≤100
102281192230784,Forward Party,Forward Party,≤100
367292494407,AJC - American Jewish Committee,AMERICAN JEWISH COMMITTEE,≤100
929412863860469,John Lee,Committee to Elect John Lee,≤100
192738164073627,A Better Balance,A BETTER BALANCE,≤100
292944530749151,Craig Huey,Craig Huey,≤100
183484875153093,Kim Monson Show,The Kim Monson Show,≤100
104458982208807,Nate Green For GA,Nathaniel Alexander Green,≤100
372577693078008,"Saenz-Garcia Law, PLLC","Saenz-Garcia Law, PLLC",≤100
386111911530871,Eddie Geller,EDDIE GELLER FOR CONGRESS,≤100
80392814444,Parents Television and Media Council,"PARENTS TELEVISION COUNCIL, INC.",≤100
112424232156718,Geoff Diehl,Diehl for Massachusetts,≤100